{
  "custom": {},
  "params": {},
  "props": {},
  "root": {
    "children": [
      {
        "meta": {
          "name": "Label"
        },
        "position": {
          "height": 84,
          "width": 278,
          "x": 238,
          "y": 125
        },
        "props": {
          "text": "APM  - TecnoBikes\n2021-1\n"
        },
        "type": "ia.display.label"
      },
      {
        "meta": {
          "name": "Motor"
        },
        "position": {
          "height": 100,
          "width": 100,
          "x": 90,
          "y": 245
        },
        "type": "ia.symbol.motor"
      },
      {
        "meta": {
          "name": "PieChart"
        },
        "position": {
          "height": 375,
          "width": 600,
          "x": 164,
          "y": 285
        },
        "props": {
          "colors": [
            "#3366CC",
            "#EC4B3D",
            "#4FC86C",
            "#00A9C6",
            "#E69300"
          ],
          "data": [
            {
              "count": 36,
              "flavor": "Pumpkin"
            },
            {
              "count": 17,
              "flavor": "Pecan"
            },
            {
              "count": 14,
              "flavor": "Apple"
            },
            {
              "count": 10,
              "flavor": "Sweet Potato"
            },
            {
              "count": 9,
              "flavor": "Chocolate"
            }
          ],
          "threeDimensional": true,
          "title": "Favorite Pie Flavors"
        },
        "type": "ia.chart.pie"
      },
      {
        "meta": {
          "name": "Progress"
        },
        "position": {
          "height": 20,
          "width": 200,
          "x": 464,
          "y": 209
        },
        "type": "ia.display.progress"
      },
      {
        "events": {
          "dom": {
            "onClick": {
              "config": {
                "params": {},
                "view": "SCADA_ALARMA"
              },
              "scope": "C",
              "type": "nav"
            }
          }
        },
        "meta": {
          "name": "Button_alarma"
        },
        "position": {
          "height": 44,
          "width": 100,
          "x": 411.50625,
          "y": 27
        },
        "props": {
          "image": {
            "height": 30,
            "width": 50
          },
          "text": "ALARMAS"
        },
        "type": "ia.input.button"
      },
      {
        "events": {
          "dom": {
            "onClick": {
              "config": {
                "params": {},
                "view": "MAIN_SCADA"
              },
              "scope": "C",
              "type": "nav"
            }
          }
        },
        "meta": {
          "name": "Button_main"
        },
        "position": {
          "height": 44,
          "rotate": {
            "anchor": "50% 25%"
          },
          "width": 100,
          "x": 36.50625000000002,
          "y": 27
        },
        "props": {
          "image": {
            "height": 30,
            "width": 50
          },
          "text": "MAIN"
        },
        "type": "ia.input.button"
      },
      {
        "events": {
          "dom": {
            "onClick": {
              "config": {
                "params": {},
                "view": "SCADA_SERVICIOS"
              },
              "scope": "C",
              "type": "nav"
            }
          }
        },
        "meta": {
          "name": "Button_servicios"
        },
        "position": {
          "height": 44,
          "rotate": {
            "anchor": "50% 25%"
          },
          "width": 100,
          "x": 161.50625000000002,
          "y": 27
        },
        "props": {
          "image": {
            "height": 30,
            "width": 50
          },
          "text": "SERVICIOS"
        },
        "type": "ia.input.button"
      },
      {
        "events": {
          "dom": {
            "onClick": {
              "config": {
                "params": {},
                "view": "SCADA_ALMACEN"
              },
              "scope": "C",
              "type": "nav"
            }
          }
        },
        "meta": {
          "name": "Button_almacen"
        },
        "position": {
          "height": 44,
          "width": 100,
          "x": 286.50625,
          "y": 27
        },
        "props": {
          "image": {
            "height": 30,
            "width": 50
          },
          "text": "ALMACEN"
        },
        "type": "ia.input.button"
      }
    ],
    "meta": {
      "name": "root"
    },
    "type": "ia.container.coord"
  }
}