{
  "custom": {},
  "params": {},
  "props": {},
  "root": {
    "children": [
      {
        "events": {
          "dom": {
            "onClick": {
              "config": {
                "params": {},
                "view": "SCADA_ALARMA"
              },
              "scope": "C",
              "type": "nav"
            }
          }
        },
        "meta": {
          "name": "Button_alarma"
        },
        "position": {
          "height": 44,
          "width": 100,
          "x": 411.50625,
          "y": 27
        },
        "props": {
          "image": {
            "height": 30,
            "width": 50
          },
          "text": "ALARMAS"
        },
        "type": "ia.input.button"
      },
      {
        "events": {
          "dom": {
            "onClick": {
              "config": {
                "params": {},
                "view": "MAIN_SCADA"
              },
              "scope": "C",
              "type": "nav"
            }
          }
        },
        "meta": {
          "name": "Button_main"
        },
        "position": {
          "height": 44,
          "rotate": {
            "anchor": "50% 25%"
          },
          "width": 100,
          "x": 36.50625000000002,
          "y": 27
        },
        "props": {
          "image": {
            "height": 30,
            "width": 50
          },
          "text": "MAIN"
        },
        "type": "ia.input.button"
      },
      {
        "events": {
          "dom": {
            "onClick": {
              "config": {
                "params": {},
                "view": "SCADA_SERVICIOS"
              },
              "scope": "C",
              "type": "nav"
            }
          }
        },
        "meta": {
          "name": "Button_servicios"
        },
        "position": {
          "height": 44,
          "rotate": {
            "anchor": "50% 25%"
          },
          "width": 100,
          "x": 161.50625000000002,
          "y": 27
        },
        "props": {
          "image": {
            "height": 30,
            "width": 50
          },
          "text": "SERVICIOS"
        },
        "type": "ia.input.button"
      },
      {
        "events": {
          "dom": {
            "onClick": {
              "config": {
                "params": {},
                "view": "SCADA_ALMACEN"
              },
              "scope": "C",
              "type": "nav"
            }
          }
        },
        "meta": {
          "name": "Button_almacen"
        },
        "position": {
          "height": 44,
          "width": 100,
          "x": 286.50625,
          "y": 27
        },
        "props": {
          "image": {
            "height": 30,
            "width": 50
          },
          "text": "ALMACEN"
        },
        "type": "ia.input.button"
      },
      {
        "events": {
          "dom": {
            "onClick": {
              "config": {
                "params": {},
                "view": "SCADA_INFORME"
              },
              "scope": "C",
              "type": "nav"
            }
          }
        },
        "meta": {
          "name": "Button_alarma_0"
        },
        "position": {
          "height": 44,
          "width": 100,
          "x": 541,
          "y": 27
        },
        "props": {
          "image": {
            "height": 30,
            "width": 50
          },
          "text": "INFORME"
        },
        "type": "ia.input.button"
      },
      {
        "meta": {
          "name": "Table"
        },
        "position": {
          "height": 678,
          "width": 458,
          "x": 36.5,
          "y": 116
        },
        "propConfig": {
          "props.data[0].Equipo": {
            "persistent": false
          }
        },
        "props": {
          "data": [
            {
              "Etapa": "Etapa 0",
              "T_Mantenimiento": "00:00:00:00"
            },
            {
              "Equipo": "Maquina B",
              "Etapa": "Etapa n",
              "T_Mantenimiento": "24:15:34:54"
            },
            {
              "city": "Jakarta",
              "country": "Indonesia",
              "population": 10187595
            },
            {
              "city": "Prague",
              "country": "Czech Republic",
              "population": 1241664
            },
            {
              "city": "Dhaka",
              "country": "Bangladesh",
              "population": 14399000
            },
            {
              "city": "Lagos",
              "country": "Nigeria",
              "population": 16060303
            },
            {
              "city": "Karachi",
              "country": "Pakistan",
              "population": 14910352
            },
            {
              "city": "Cairo",
              "country": "Egypt",
              "population": 10230350
            },
            {
              "city": "Mexico City",
              "country": "Mexico",
              "population": 8974724
            },
            {
              "city": "London",
              "country": "United Kingdom",
              "population": 8825001
            },
            {
              "city": "New York City",
              "country": "United States",
              "population": 8622698
            },
            {
              "city": "Tehran",
              "country": "Iran",
              "population": 8154051
            },
            {
              "city": "Bogota",
              "country": "Colombia",
              "population": 7878783
            },
            {
              "city": "Rio de Janeiro",
              "country": "Brazil",
              "population": 6429923
            },
            {
              "city": "Riyadh",
              "country": "Saudi Arabia",
              "population": 5676621
            },
            {
              "city": "Singapore",
              "country": "Singapore",
              "population": 5535000
            },
            {
              "city": "Sydney",
              "country": "Australia",
              "population": 208374
            },
            {
              "city": "Abidjan",
              "country": "Ivory Coast",
              "population": 4765000
            },
            {
              "city": "Los Angeles",
              "country": "United States",
              "population": 3884307
            },
            {
              "city": "Jeddah",
              "country": "Saudi Arabia",
              "population": 3456259
            },
            {
              "city": "Chicago",
              "country": "United States",
              "population": 2695598
            },
            {
              "city": "Montreal",
              "country": "Canada",
              "population": 1649519
            },
            {
              "city": "Guadalajara",
              "country": "Mexico",
              "population": 1495189
            },
            {
              "city": "Dallas",
              "country": "United States",
              "population": 1317929
            },
            {
              "city": "Yerevan",
              "country": "Armenia",
              "population": 1060138
            }
          ]
        },
        "type": "ia.display.table"
      },
      {
        "meta": {
          "name": "Label"
        },
        "position": {
          "height": 206,
          "width": 248,
          "x": 520,
          "y": 122
        },
        "props": {
          "text": "Leyenda de tabla de mantenimiento:\t\n\nEl equipo que debe ser mantenido\n\nEtapa al que el equipo pertenece\n\nCuenta regresiva en dias, horas, minutos y segundos."
        },
        "type": "ia.display.label"
      }
    ],
    "meta": {
      "name": "root"
    },
    "type": "ia.container.coord"
  }
}