{
  "custom": {},
  "params": {},
  "props": {
    "defaultSize": {
      "height": 498,
      "width": 604
    }
  },
  "root": {
    "children": [
      {
        "meta": {
          "name": "Label_32"
        },
        "position": {
          "height": 379,
          "rotate": {
            "anchor": "-44% -94%"
          },
          "width": 594,
          "x": 5,
          "y": 70.6875
        },
        "props": {
          "style": {
            "backgroundColor": "#D5D5D5"
          }
        },
        "type": "ia.display.label"
      },
      {
        "meta": {
          "name": "Label_6"
        },
        "position": {
          "height": 50,
          "width": 209,
          "x": 197.5
        },
        "props": {
          "style": {
            "backgroundColor": "#CCCCF3"
          },
          "text": "MÁQUINA 2: DOBLADORA"
        },
        "type": "ia.display.label"
      },
      {
        "meta": {
          "name": "Label_33"
        },
        "position": {
          "height": 154,
          "width": 143,
          "x": 41.5,
          "y": 83.7
        },
        "props": {
          "style": {
            "backgroundColor": "#CCFFFF73"
          }
        },
        "type": "ia.display.label"
      },
      {
        "meta": {
          "name": "Pump"
        },
        "position": {
          "height": 109,
          "rotate": {
            "anchor": "50% 100%"
          },
          "width": 96,
          "x": 65,
          "y": 106.2
        },
        "type": "ia.symbol.pump"
      },
      {
        "meta": {
          "name": "Label_2"
        },
        "position": {
          "height": 32,
          "width": 110,
          "x": 3,
          "y": 381.2
        },
        "props": {
          "text": "SENSOR 4"
        },
        "type": "ia.display.label"
      },
      {
        "meta": {
          "name": "Label_3"
        },
        "position": {
          "height": 32,
          "width": 110,
          "x": 125,
          "y": 381.2
        },
        "props": {
          "text": "SENSOR 5"
        },
        "type": "ia.display.label"
      },
      {
        "custom": {
          "id": 5
        },
        "meta": {
          "name": "Sensor_7"
        },
        "position": {
          "height": 100,
          "width": 100,
          "x": 132,
          "y": 271.2
        },
        "propConfig": {
          "props.value.style.stroke": {
            "binding": {
              "config": {
                "fallbackDelay": 2.5,
                "mode": "indirect",
                "references": {},
                "tagPath": "[default]MQTT Tags/NUBE_OPC_PLC/NUBE_DOBLADORA/S5_DOB"
              },
              "transforms": [
                {
                  "fallback": "#808080",
                  "inputType": "scalar",
                  "mappings": [
                    {
                      "input": true,
                      "output": "#00D9D9"
                    },
                    {
                      "input": false,
                      "output": "#D97700"
                    }
                  ],
                  "outputType": "color",
                  "type": "map"
                }
              ],
              "type": "tag"
            }
          },
          "props.value.text": {
            "binding": {
              "config": {
                "fallbackDelay": 2.5,
                "mode": "indirect",
                "references": {},
                "tagPath": "[default]MQTT Tags/NUBE_OPC_PLC/NUBE_DOBLADORA/S5_DOB"
              },
              "transforms": [
                {
                  "fallback": "",
                  "inputType": "scalar",
                  "mappings": [
                    {
                      "input": true,
                      "output": "ACTIVO"
                    },
                    {
                      "input": false,
                      "output": "INACTIVO"
                    }
                  ],
                  "outputType": "scalar",
                  "type": "map"
                }
              ],
              "type": "tag"
            }
          }
        },
        "props": {
          "appearance": "simple",
          "value": {}
        },
        "type": "ia.symbol.sensor"
      },
      {
        "custom": {
          "id": 6
        },
        "meta": {
          "name": "Sensor_8"
        },
        "position": {
          "height": 100,
          "width": 100,
          "x": 12,
          "y": 271.2
        },
        "propConfig": {
          "props.value.style.stroke": {
            "binding": {
              "config": {
                "fallbackDelay": 2.5,
                "mode": "indirect",
                "references": {},
                "tagPath": "[default]MQTT Tags/NUBE_OPC_PLC/NUBE_DOBLADORA/S4_DOB"
              },
              "transforms": [
                {
                  "fallback": "#808080",
                  "inputType": "scalar",
                  "mappings": [
                    {
                      "input": true,
                      "output": "#00D9D9"
                    },
                    {
                      "input": false,
                      "output": "#D97700"
                    }
                  ],
                  "outputType": "color",
                  "type": "map"
                }
              ],
              "type": "tag"
            }
          },
          "props.value.text": {
            "binding": {
              "config": {
                "fallbackDelay": 2.5,
                "mode": "indirect",
                "references": {},
                "tagPath": "[default]MQTT Tags/NUBE_OPC_PLC/NUBE_DOBLADORA/S4_DOB"
              },
              "transforms": [
                {
                  "fallback": "",
                  "inputType": "scalar",
                  "mappings": [
                    {
                      "input": true,
                      "output": "ACTIVO"
                    },
                    {
                      "input": false,
                      "output": "INACTIVO"
                    }
                  ],
                  "outputType": "scalar",
                  "type": "map"
                }
              ],
              "type": "tag"
            }
          }
        },
        "props": {
          "appearance": "simple",
          "value": {}
        },
        "type": "ia.symbol.sensor"
      },
      {
        "meta": {
          "name": "Label_0"
        },
        "position": {
          "height": 32,
          "width": 110,
          "x": 355.3,
          "y": 199.2
        },
        "props": {
          "text": "SENSOR 2"
        },
        "type": "ia.display.label"
      },
      {
        "meta": {
          "name": "Label_1"
        },
        "position": {
          "height": 32,
          "width": 110,
          "x": 485.3,
          "y": 199.2
        },
        "props": {
          "text": "SENSOR 3"
        },
        "type": "ia.display.label"
      },
      {
        "custom": {
          "id": 2
        },
        "meta": {
          "name": "Sensor_4"
        },
        "position": {
          "height": 100,
          "width": 100,
          "x": 364.894,
          "y": 84.8
        },
        "propConfig": {
          "props.value.style.stroke": {
            "binding": {
              "config": {
                "fallbackDelay": 2.5,
                "mode": "indirect",
                "references": {},
                "tagPath": "[default]MQTT Tags/NUBE_OPC_PLC/NUBE_DOBLADORA/S2_DOB"
              },
              "transforms": [
                {
                  "fallback": "#808080",
                  "inputType": "scalar",
                  "mappings": [
                    {
                      "input": true,
                      "output": "#00D9D9"
                    },
                    {
                      "input": false,
                      "output": "#D97700"
                    }
                  ],
                  "outputType": "color",
                  "type": "map"
                }
              ],
              "type": "tag"
            }
          },
          "props.value.text": {
            "binding": {
              "config": {
                "fallbackDelay": 2.5,
                "mode": "indirect",
                "references": {},
                "tagPath": "[default]MQTT Tags/NUBE_OPC_PLC/NUBE_DOBLADORA/S2_DOB"
              },
              "transforms": [
                {
                  "fallback": "",
                  "inputType": "scalar",
                  "mappings": [
                    {
                      "input": true,
                      "output": "ACTIVO"
                    },
                    {
                      "input": false,
                      "output": "INACTIVO"
                    }
                  ],
                  "outputType": "scalar",
                  "type": "map"
                }
              ],
              "type": "tag"
            }
          }
        },
        "props": {
          "appearance": "simple",
          "value": {}
        },
        "type": "ia.symbol.sensor"
      },
      {
        "custom": {
          "id": 3
        },
        "meta": {
          "name": "Sensor_5"
        },
        "position": {
          "height": 100,
          "width": 100,
          "x": 489.894,
          "y": 84.9
        },
        "propConfig": {
          "props.value.style.stroke": {
            "binding": {
              "config": {
                "fallbackDelay": 2.5,
                "mode": "indirect",
                "references": {},
                "tagPath": "[default]MQTT Tags/NUBE_OPC_PLC/NUBE_DOBLADORA/S3_DOB"
              },
              "transforms": [
                {
                  "fallback": "#808080",
                  "inputType": "scalar",
                  "mappings": [
                    {
                      "input": true,
                      "output": "#00D9D9"
                    },
                    {
                      "input": false,
                      "output": "#D97700"
                    }
                  ],
                  "outputType": "color",
                  "type": "map"
                }
              ],
              "type": "tag"
            }
          },
          "props.value.text": {
            "binding": {
              "config": {
                "fallbackDelay": 2.5,
                "mode": "indirect",
                "references": {},
                "tagPath": "[default]MQTT Tags/NUBE_OPC_PLC/NUBE_DOBLADORA/S3_DOB"
              },
              "transforms": [
                {
                  "fallback": "",
                  "inputType": "scalar",
                  "mappings": [
                    {
                      "input": true,
                      "output": "ACTIVO"
                    },
                    {
                      "input": false,
                      "output": "INACTIVO"
                    }
                  ],
                  "outputType": "scalar",
                  "type": "map"
                }
              ],
              "type": "tag"
            }
          }
        },
        "props": {
          "appearance": "simple",
          "value": {}
        },
        "type": "ia.symbol.sensor"
      },
      {
        "meta": {
          "name": "Label_4"
        },
        "position": {
          "height": 32,
          "width": 110,
          "x": 247,
          "y": 381.2
        },
        "props": {
          "text": "SENSOR 6"
        },
        "type": "ia.display.label"
      },
      {
        "custom": {
          "id": "value"
        },
        "meta": {
          "name": "Label"
        },
        "position": {
          "height": 32,
          "width": 110,
          "x": 220.3,
          "y": 199.2
        },
        "props": {
          "text": "SENSOR 1"
        },
        "type": "ia.display.label"
      },
      {
        "custom": {
          "id": 4
        },
        "meta": {
          "name": "Sensor_6"
        },
        "position": {
          "height": 100,
          "width": 100,
          "x": 252,
          "y": 271.2
        },
        "propConfig": {
          "props.value.style.stroke": {
            "binding": {
              "config": {
                "fallbackDelay": 2.5,
                "mode": "indirect",
                "references": {},
                "tagPath": "[default]MQTT Tags/NUBE_OPC_PLC/NUBE_DOBLADORA/S6_DOB"
              },
              "transforms": [
                {
                  "fallback": "#808080",
                  "inputType": "scalar",
                  "mappings": [
                    {
                      "input": true,
                      "output": "#00D9D9"
                    },
                    {
                      "input": false,
                      "output": "#D97700"
                    }
                  ],
                  "outputType": "color",
                  "type": "map"
                }
              ],
              "type": "tag"
            }
          },
          "props.value.text": {
            "binding": {
              "config": {
                "fallbackDelay": 2.5,
                "mode": "indirect",
                "references": {},
                "tagPath": "[default]MQTT Tags/NUBE_OPC_PLC/NUBE_DOBLADORA/S6_DOB"
              },
              "transforms": [
                {
                  "fallback": "",
                  "inputType": "scalar",
                  "mappings": [
                    {
                      "input": true,
                      "output": "ACTIVO"
                    },
                    {
                      "input": false,
                      "output": "INACTIVO"
                    }
                  ],
                  "outputType": "scalar",
                  "type": "map"
                }
              ],
              "type": "tag"
            }
          }
        },
        "props": {
          "appearance": "simple",
          "value": {}
        },
        "type": "ia.symbol.sensor"
      },
      {
        "custom": {
          "id": 1
        },
        "meta": {
          "name": "Sensor_3"
        },
        "position": {
          "height": 100,
          "width": 100,
          "x": 225.3,
          "y": 85
        },
        "propConfig": {
          "props.value.style.stroke": {
            "binding": {
              "config": {
                "fallbackDelay": 2.5,
                "mode": "indirect",
                "references": {},
                "tagPath": "[default]MQTT Tags/NUBE_OPC_PLC/NUBE_DOBLADORA/S1_DOB"
              },
              "transforms": [
                {
                  "fallback": "#808080",
                  "inputType": "scalar",
                  "mappings": [
                    {
                      "input": true,
                      "output": "#00D9D9"
                    },
                    {
                      "input": false,
                      "output": "#D97700"
                    }
                  ],
                  "outputType": "color",
                  "type": "map"
                }
              ],
              "type": "tag"
            }
          },
          "props.value.text": {
            "binding": {
              "config": {
                "fallbackDelay": 2.5,
                "mode": "indirect",
                "references": {},
                "tagPath": "[default]MQTT Tags/NUBE_OPC_PLC/NUBE_DOBLADORA/S1_DOB"
              },
              "transforms": [
                {
                  "fallback": "",
                  "inputType": "scalar",
                  "mappings": [
                    {
                      "input": true,
                      "output": "ACTIVO"
                    },
                    {
                      "input": false,
                      "output": "INACTIVO"
                    }
                  ],
                  "outputType": "scalar",
                  "type": "map"
                }
              ],
              "type": "tag"
            }
          }
        },
        "props": {
          "appearance": "simple",
          "value": {}
        },
        "type": "ia.symbol.sensor"
      },
      {
        "meta": {
          "name": "Label_5"
        },
        "position": {
          "height": 32,
          "width": 110,
          "x": 369,
          "y": 381.2
        },
        "props": {
          "text": "SENSOR 7"
        },
        "type": "ia.display.label"
      },
      {
        "custom": {
          "id": 5
        },
        "meta": {
          "name": "Sensor_9"
        },
        "position": {
          "height": 100,
          "width": 100,
          "x": 372,
          "y": 271.2
        },
        "propConfig": {
          "props.value.style.stroke": {
            "binding": {
              "config": {
                "fallbackDelay": 2.5,
                "mode": "indirect",
                "references": {},
                "tagPath": "[default]MQTT Tags/NUBE_OPC_PLC/NUBE_DOBLADORA/S7_DOB"
              },
              "transforms": [
                {
                  "fallback": "#808080",
                  "inputType": "scalar",
                  "mappings": [
                    {
                      "input": true,
                      "output": "#00D9D9"
                    },
                    {
                      "input": false,
                      "output": "#D97700"
                    }
                  ],
                  "outputType": "color",
                  "type": "map"
                }
              ],
              "type": "tag"
            }
          },
          "props.value.text": {
            "binding": {
              "config": {
                "fallbackDelay": 2.5,
                "mode": "indirect",
                "references": {},
                "tagPath": "[default]MQTT Tags/NUBE_OPC_PLC/NUBE_DOBLADORA/S7_DOB"
              },
              "transforms": [
                {
                  "fallback": "",
                  "inputType": "scalar",
                  "mappings": [
                    {
                      "input": true,
                      "output": "ACTIVO"
                    },
                    {
                      "input": false,
                      "output": "INACTIVO"
                    }
                  ],
                  "outputType": "scalar",
                  "type": "map"
                }
              ],
              "type": "tag"
            }
          }
        },
        "props": {
          "appearance": "simple",
          "value": {}
        },
        "type": "ia.symbol.sensor"
      },
      {
        "meta": {
          "name": "Label_8"
        },
        "position": {
          "height": 32,
          "width": 110,
          "x": 491,
          "y": 381.2
        },
        "props": {
          "text": "SENSOR 8"
        },
        "type": "ia.display.label"
      },
      {
        "custom": {
          "id": 4
        },
        "meta": {
          "name": "Sensor_10"
        },
        "position": {
          "height": 100,
          "width": 100,
          "x": 492,
          "y": 271.2
        },
        "propConfig": {
          "props.value.style.stroke": {
            "binding": {
              "config": {
                "fallbackDelay": 2.5,
                "mode": "indirect",
                "references": {},
                "tagPath": "[default]MQTT Tags/NUBE_OPC_PLC/NUBE_DOBLADORA/S8_DOB"
              },
              "transforms": [
                {
                  "fallback": "#808080",
                  "inputType": "scalar",
                  "mappings": [
                    {
                      "input": true,
                      "output": "#00D9D9"
                    },
                    {
                      "input": false,
                      "output": "#D97700"
                    }
                  ],
                  "outputType": "color",
                  "type": "map"
                }
              ],
              "type": "tag"
            }
          },
          "props.value.text": {
            "binding": {
              "config": {
                "fallbackDelay": 2.5,
                "mode": "indirect",
                "references": {},
                "tagPath": "[default]MQTT Tags/NUBE_OPC_PLC/NUBE_DOBLADORA/S8_DOB"
              },
              "transforms": [
                {
                  "fallback": "",
                  "inputType": "scalar",
                  "mappings": [
                    {
                      "input": true,
                      "output": "ACTIVO"
                    },
                    {
                      "input": false,
                      "output": "INACTIVO"
                    }
                  ],
                  "outputType": "scalar",
                  "type": "map"
                }
              ],
              "type": "tag"
            }
          }
        },
        "props": {
          "appearance": "simple",
          "value": {}
        },
        "type": "ia.symbol.sensor"
      }
    ],
    "meta": {
      "name": "root"
    },
    "type": "ia.container.coord"
  }
}