{
  "custom": {},
  "params": {},
  "props": {
    "defaultSize": {
      "height": 779,
      "width": 599
    }
  },
  "root": {
    "children": [
      {
        "meta": {
          "name": "Label_6"
        },
        "position": {
          "height": 71.99999999999999,
          "width": 97,
          "x": 251,
          "y": 0.010000000000005116
        },
        "props": {
          "text": "MÁQUINA 3: Troqueladora"
        },
        "type": "ia.display.label"
      },
      {
        "meta": {
          "name": "Pump"
        },
        "position": {
          "height": 109,
          "width": 96,
          "x": 59,
          "y": 299.4
        },
        "type": "ia.symbol.pump"
      },
      {
        "meta": {
          "name": "TextField_0"
        },
        "position": {
          "height": 32,
          "width": 150,
          "x": 32,
          "y": 447.7
        },
        "type": "ia.input.text-field"
      },
      {
        "meta": {
          "name": "Label_7"
        },
        "position": {
          "height": 32,
          "width": 175,
          "x": 19.5,
          "y": 403.2
        },
        "props": {
          "text": "VELOCIDAD [rev/min]"
        },
        "type": "ia.display.label"
      },
      {
        "meta": {
          "name": "Label_3"
        },
        "position": {
          "height": 32,
          "width": 110,
          "x": 329.5,
          "y": 422.5
        },
        "props": {
          "text": "SENSOR 8"
        },
        "type": "ia.display.label"
      },
      {
        "meta": {
          "name": "Label_4"
        },
        "position": {
          "height": 32,
          "width": 110,
          "x": 464.5,
          "y": 422.5
        },
        "props": {
          "text": "SENSOR 9"
        },
        "type": "ia.display.label"
      },
      {
        "custom": {
          "id": 4
        },
        "meta": {
          "name": "Sensor_6"
        },
        "position": {
          "height": 100,
          "width": 100,
          "x": 469.5,
          "y": 474.5
        },
        "propConfig": {
          "props.value.style.stroke": {
            "binding": {
              "config": {
                "fallbackDelay": 2.5,
                "mode": "indirect",
                "references": {},
                "tagPath": "[default]MQTT Tags/NUBE_OPC_PLC/NUBE_TROQUELADO/S9_TRO"
              },
              "transforms": [
                {
                  "fallback": "#808080",
                  "inputType": "scalar",
                  "mappings": [
                    {
                      "input": true,
                      "output": "#00D9D9"
                    },
                    {
                      "input": false,
                      "output": "#D97700"
                    }
                  ],
                  "outputType": "color",
                  "type": "map"
                }
              ],
              "type": "tag"
            }
          },
          "props.value.text": {
            "binding": {
              "config": {
                "fallbackDelay": 2.5,
                "mode": "indirect",
                "references": {},
                "tagPath": "[default]MQTT Tags/NUBE_OPC_PLC/NUBE_TROQUELADO/S9_TRO"
              },
              "transforms": [
                {
                  "fallback": "",
                  "inputType": "scalar",
                  "mappings": [
                    {
                      "input": true,
                      "output": "ACTIVO"
                    },
                    {
                      "input": false,
                      "output": "INACTIVO"
                    }
                  ],
                  "outputType": "scalar",
                  "type": "map"
                }
              ],
              "type": "tag"
            }
          }
        },
        "props": {
          "appearance": "simple",
          "value": {}
        },
        "type": "ia.symbol.sensor"
      },
      {
        "custom": {
          "id": 5
        },
        "meta": {
          "name": "Sensor_7"
        },
        "position": {
          "height": 100,
          "width": 100,
          "x": 334.5,
          "y": 474.5
        },
        "propConfig": {
          "props.value.style.stroke": {
            "binding": {
              "config": {
                "fallbackDelay": 2.5,
                "mode": "indirect",
                "references": {},
                "tagPath": "[default]MQTT Tags/NUBE_OPC_PLC/NUBE_TROQUELADO/S8_TRO"
              },
              "transforms": [
                {
                  "fallback": "#808080",
                  "inputType": "scalar",
                  "mappings": [
                    {
                      "input": true,
                      "output": "#00D9D9"
                    },
                    {
                      "input": false,
                      "output": "#D97700"
                    }
                  ],
                  "outputType": "color",
                  "type": "map"
                }
              ],
              "type": "tag"
            }
          },
          "props.value.text": {
            "binding": {
              "config": {
                "fallbackDelay": 2.5,
                "mode": "indirect",
                "references": {},
                "tagPath": "[default]MQTT Tags/NUBE_OPC_PLC/NUBE_TROQUELADO/S8_TRO"
              },
              "transforms": [
                {
                  "fallback": "",
                  "inputType": "scalar",
                  "mappings": [
                    {
                      "input": true,
                      "output": "ACTIVO"
                    },
                    {
                      "input": false,
                      "output": "INACTIVO"
                    }
                  ],
                  "outputType": "scalar",
                  "type": "map"
                }
              ],
              "type": "tag"
            }
          }
        },
        "props": {
          "appearance": "simple",
          "value": {}
        },
        "type": "ia.symbol.sensor"
      },
      {
        "meta": {
          "name": "Label_2"
        },
        "position": {
          "height": 32,
          "width": 110,
          "x": 194.5,
          "y": 422.5
        },
        "props": {
          "text": "SENSOR 7"
        },
        "type": "ia.display.label"
      },
      {
        "custom": {
          "id": 6
        },
        "meta": {
          "name": "Sensor_8"
        },
        "position": {
          "height": 100,
          "width": 100,
          "x": 199.5,
          "y": 474.5
        },
        "propConfig": {
          "props.value.style.stroke": {
            "binding": {
              "config": {
                "fallbackDelay": 2.5,
                "mode": "indirect",
                "references": {},
                "tagPath": "[default]MQTT Tags/NUBE_OPC_PLC/NUBE_TROQUELADO/S7_TRO"
              },
              "transforms": [
                {
                  "fallback": "#808080",
                  "inputType": "scalar",
                  "mappings": [
                    {
                      "input": true,
                      "output": "#00D9D9"
                    },
                    {
                      "input": false,
                      "output": "#D97700"
                    }
                  ],
                  "outputType": "color",
                  "type": "map"
                }
              ],
              "type": "tag"
            }
          },
          "props.value.text": {
            "binding": {
              "config": {
                "fallbackDelay": 2.5,
                "mode": "indirect",
                "references": {},
                "tagPath": "[default]MQTT Tags/NUBE_OPC_PLC/NUBE_TROQUELADO/S7_TRO"
              },
              "transforms": [
                {
                  "fallback": "",
                  "inputType": "scalar",
                  "mappings": [
                    {
                      "input": true,
                      "output": "ACTIVO"
                    },
                    {
                      "input": false,
                      "output": "INACTIVO"
                    }
                  ],
                  "outputType": "scalar",
                  "type": "map"
                }
              ],
              "type": "tag"
            }
          }
        },
        "props": {
          "appearance": "simple",
          "value": {}
        },
        "type": "ia.symbol.sensor"
      },
      {
        "custom": {
          "id": "value"
        },
        "meta": {
          "name": "Label"
        },
        "position": {
          "height": 32,
          "width": 110,
          "x": 194.5,
          "y": 594.5
        },
        "props": {
          "text": "SENSOR 10"
        },
        "type": "ia.display.label"
      },
      {
        "meta": {
          "name": "Label_0"
        },
        "position": {
          "height": 32,
          "width": 110,
          "x": 329.5,
          "y": 594.5
        },
        "props": {
          "text": "SENSOR 11"
        },
        "type": "ia.display.label"
      },
      {
        "meta": {
          "name": "Label_1"
        },
        "position": {
          "height": 32,
          "width": 110,
          "x": 464.5,
          "y": 594.5
        },
        "props": {
          "text": "SENSOR 12"
        },
        "type": "ia.display.label"
      },
      {
        "custom": {
          "id": 1
        },
        "meta": {
          "name": "Sensor_3"
        },
        "position": {
          "height": 100,
          "width": 100,
          "x": 469.5,
          "y": 646.5
        },
        "propConfig": {
          "props.value.style.stroke": {
            "binding": {
              "config": {
                "fallbackDelay": 2.5,
                "mode": "indirect",
                "references": {},
                "tagPath": "[default]MQTT Tags/NUBE_OPC_PLC/NUBE_TROQUELADO/S12_TRO"
              },
              "transforms": [
                {
                  "fallback": "#808080",
                  "inputType": "scalar",
                  "mappings": [
                    {
                      "input": true,
                      "output": "#00D9D9"
                    },
                    {
                      "input": false,
                      "output": "#D97700"
                    }
                  ],
                  "outputType": "color",
                  "type": "map"
                }
              ],
              "type": "tag"
            }
          },
          "props.value.text": {
            "binding": {
              "config": {
                "fallbackDelay": 2.5,
                "mode": "indirect",
                "references": {},
                "tagPath": "[default]MQTT Tags/NUBE_OPC_PLC/NUBE_TROQUELADO/S12_TRO"
              },
              "transforms": [
                {
                  "fallback": "",
                  "inputType": "scalar",
                  "mappings": [
                    {
                      "input": true,
                      "output": "ACTIVO"
                    },
                    {
                      "input": false,
                      "output": "INACTIVO"
                    }
                  ],
                  "outputType": "scalar",
                  "type": "map"
                }
              ],
              "type": "tag"
            }
          }
        },
        "props": {
          "appearance": "simple",
          "value": {}
        },
        "type": "ia.symbol.sensor"
      },
      {
        "custom": {
          "id": 2
        },
        "meta": {
          "name": "Sensor_4"
        },
        "position": {
          "height": 100,
          "width": 100,
          "x": 199.5,
          "y": 646.5
        },
        "propConfig": {
          "props.value.style.stroke": {
            "binding": {
              "config": {
                "fallbackDelay": 2.5,
                "mode": "indirect",
                "references": {},
                "tagPath": "[default]MQTT Tags/NUBE_OPC_PLC/NUBE_TROQUELADO/S10_TRO"
              },
              "transforms": [
                {
                  "fallback": "#808080",
                  "inputType": "scalar",
                  "mappings": [
                    {
                      "input": true,
                      "output": "#00D9D9"
                    },
                    {
                      "input": false,
                      "output": "#D97700"
                    }
                  ],
                  "outputType": "color",
                  "type": "map"
                }
              ],
              "type": "tag"
            }
          },
          "props.value.text": {
            "binding": {
              "config": {
                "fallbackDelay": 2.5,
                "mode": "indirect",
                "references": {},
                "tagPath": "[default]MQTT Tags/NUBE_OPC_PLC/NUBE_TROQUELADO/S10_TRO"
              },
              "transforms": [
                {
                  "fallback": "",
                  "inputType": "scalar",
                  "mappings": [
                    {
                      "input": true,
                      "output": "ACTIVO"
                    },
                    {
                      "input": false,
                      "output": "INACTIVO"
                    }
                  ],
                  "outputType": "scalar",
                  "type": "map"
                }
              ],
              "type": "tag"
            }
          }
        },
        "props": {
          "appearance": "simple",
          "value": {}
        },
        "type": "ia.symbol.sensor"
      },
      {
        "custom": {
          "id": 3
        },
        "meta": {
          "name": "Sensor_5"
        },
        "position": {
          "height": 100,
          "width": 100,
          "x": 334.5,
          "y": 646.5
        },
        "propConfig": {
          "props.value.style.stroke": {
            "binding": {
              "config": {
                "fallbackDelay": 2.5,
                "mode": "indirect",
                "references": {},
                "tagPath": "[default]MQTT Tags/NUBE_OPC_PLC/NUBE_TROQUELADO/S11_TRO"
              },
              "transforms": [
                {
                  "fallback": "#808080",
                  "inputType": "scalar",
                  "mappings": [
                    {
                      "input": true,
                      "output": "#00D9D9"
                    },
                    {
                      "input": false,
                      "output": "#D97700"
                    }
                  ],
                  "outputType": "color",
                  "type": "map"
                }
              ],
              "type": "tag"
            }
          },
          "props.value.text": {
            "binding": {
              "config": {
                "fallbackDelay": 2.5,
                "mode": "indirect",
                "references": {},
                "tagPath": "[default]MQTT Tags/NUBE_OPC_PLC/NUBE_TROQUELADO/S11_TRO"
              },
              "transforms": [
                {
                  "fallback": "",
                  "inputType": "scalar",
                  "mappings": [
                    {
                      "input": true,
                      "output": "ACTIVO"
                    },
                    {
                      "input": false,
                      "output": "INACTIVO"
                    }
                  ],
                  "outputType": "scalar",
                  "type": "map"
                }
              ],
              "type": "tag"
            }
          }
        },
        "props": {
          "appearance": "simple",
          "value": {}
        },
        "type": "ia.symbol.sensor"
      },
      {
        "meta": {
          "name": "Label_8"
        },
        "position": {
          "height": 32,
          "width": 110,
          "x": 329.5,
          "y": 78.5
        },
        "props": {
          "text": "SENSOR 2"
        },
        "type": "ia.display.label"
      },
      {
        "meta": {
          "name": "Label_9"
        },
        "position": {
          "height": 32,
          "width": 110,
          "x": 464.5,
          "y": 78.5
        },
        "props": {
          "text": "SENSOR 3"
        },
        "type": "ia.display.label"
      },
      {
        "custom": {
          "id": 4
        },
        "meta": {
          "name": "Sensor_9"
        },
        "position": {
          "height": 100,
          "width": 100,
          "x": 469.5,
          "y": 130.5
        },
        "propConfig": {
          "props.value.style.stroke": {
            "binding": {
              "config": {
                "fallbackDelay": 2.5,
                "mode": "indirect",
                "references": {},
                "tagPath": "[default]MQTT Tags/NUBE_OPC_PLC/NUBE_TROQUELADO/S3_TRO"
              },
              "transforms": [
                {
                  "fallback": "#808080",
                  "inputType": "scalar",
                  "mappings": [
                    {
                      "input": true,
                      "output": "#00D9D9"
                    },
                    {
                      "input": false,
                      "output": "#D97700"
                    }
                  ],
                  "outputType": "color",
                  "type": "map"
                }
              ],
              "type": "tag"
            }
          },
          "props.value.text": {
            "binding": {
              "config": {
                "fallbackDelay": 2.5,
                "mode": "indirect",
                "references": {},
                "tagPath": "[default]MQTT Tags/NUBE_OPC_PLC/NUBE_TROQUELADO/S3_TRO"
              },
              "transforms": [
                {
                  "fallback": "",
                  "inputType": "scalar",
                  "mappings": [
                    {
                      "input": true,
                      "output": "ACTIVO"
                    },
                    {
                      "input": false,
                      "output": "INACTIVO"
                    }
                  ],
                  "outputType": "scalar",
                  "type": "map"
                }
              ],
              "type": "tag"
            }
          }
        },
        "props": {
          "appearance": "simple",
          "value": {}
        },
        "type": "ia.symbol.sensor"
      },
      {
        "custom": {
          "id": 5
        },
        "meta": {
          "name": "Sensor_10"
        },
        "position": {
          "height": 100,
          "width": 100,
          "x": 334.5,
          "y": 130.5
        },
        "propConfig": {
          "props.value.style.stroke": {
            "binding": {
              "config": {
                "fallbackDelay": 2.5,
                "mode": "indirect",
                "references": {},
                "tagPath": "[default]MQTT Tags/NUBE_OPC_PLC/NUBE_TROQUELADO/S2_TRO"
              },
              "transforms": [
                {
                  "fallback": "#808080",
                  "inputType": "scalar",
                  "mappings": [
                    {
                      "input": true,
                      "output": "#00D9D9"
                    },
                    {
                      "input": false,
                      "output": "#D97700"
                    }
                  ],
                  "outputType": "color",
                  "type": "map"
                }
              ],
              "type": "tag"
            }
          },
          "props.value.text": {
            "binding": {
              "config": {
                "fallbackDelay": 2.5,
                "mode": "indirect",
                "references": {},
                "tagPath": "[default]MQTT Tags/NUBE_OPC_PLC/NUBE_TROQUELADO/S2_TRO"
              },
              "transforms": [
                {
                  "fallback": "",
                  "inputType": "scalar",
                  "mappings": [
                    {
                      "input": true,
                      "output": "ACTIVO"
                    },
                    {
                      "input": false,
                      "output": "INACTIVO"
                    }
                  ],
                  "outputType": "scalar",
                  "type": "map"
                }
              ],
              "type": "tag"
            }
          }
        },
        "props": {
          "appearance": "simple",
          "value": {}
        },
        "type": "ia.symbol.sensor"
      },
      {
        "meta": {
          "name": "Label_10"
        },
        "position": {
          "height": 32,
          "width": 110,
          "x": 194.5,
          "y": 78.5
        },
        "props": {
          "text": "SENSOR 1"
        },
        "type": "ia.display.label"
      },
      {
        "custom": {
          "id": 6
        },
        "meta": {
          "name": "Sensor_11"
        },
        "position": {
          "height": 100,
          "width": 100,
          "x": 199.5,
          "y": 130.5
        },
        "propConfig": {
          "props.value.style.stroke": {
            "binding": {
              "config": {
                "fallbackDelay": 2.5,
                "mode": "indirect",
                "references": {},
                "tagPath": "[default]MQTT Tags/NUBE_OPC_PLC/NUBE_TROQUELADO/S1_TRO"
              },
              "transforms": [
                {
                  "fallback": "#808080",
                  "inputType": "scalar",
                  "mappings": [
                    {
                      "input": true,
                      "output": "#00D9D9"
                    },
                    {
                      "input": false,
                      "output": "#D97700"
                    }
                  ],
                  "outputType": "color",
                  "type": "map"
                }
              ],
              "type": "tag"
            }
          },
          "props.value.text": {
            "binding": {
              "config": {
                "fallbackDelay": 2.5,
                "mode": "indirect",
                "references": {},
                "tagPath": "[default]MQTT Tags/NUBE_OPC_PLC/NUBE_TROQUELADO/S1_TRO"
              },
              "transforms": [
                {
                  "fallback": "",
                  "inputType": "scalar",
                  "mappings": [
                    {
                      "input": true,
                      "output": "ACTIVO"
                    },
                    {
                      "input": false,
                      "output": "INACTIVO"
                    }
                  ],
                  "outputType": "scalar",
                  "type": "map"
                }
              ],
              "type": "tag"
            }
          }
        },
        "props": {
          "appearance": "simple",
          "value": {}
        },
        "type": "ia.symbol.sensor"
      },
      {
        "custom": {
          "id": "value"
        },
        "meta": {
          "name": "Label_11"
        },
        "position": {
          "height": 32,
          "width": 110,
          "x": 194.5,
          "y": 250.5
        },
        "props": {
          "text": "SENSOR 4"
        },
        "type": "ia.display.label"
      },
      {
        "meta": {
          "name": "Label_12"
        },
        "position": {
          "height": 32,
          "width": 110,
          "x": 329.5,
          "y": 250.5
        },
        "props": {
          "text": "SENSOR 5"
        },
        "type": "ia.display.label"
      },
      {
        "meta": {
          "name": "Label_13"
        },
        "position": {
          "height": 32,
          "width": 110,
          "x": 464.5,
          "y": 250.5
        },
        "props": {
          "text": "SENSOR 6"
        },
        "type": "ia.display.label"
      },
      {
        "custom": {
          "id": 1
        },
        "meta": {
          "name": "Sensor_12"
        },
        "position": {
          "height": 100,
          "width": 100,
          "x": 469.5,
          "y": 302.5
        },
        "propConfig": {
          "props.value.style.stroke": {
            "binding": {
              "config": {
                "fallbackDelay": 2.5,
                "mode": "indirect",
                "references": {},
                "tagPath": "[default]MQTT Tags/NUBE_OPC_PLC/NUBE_TROQUELADO/S6_TRO"
              },
              "transforms": [
                {
                  "fallback": "#808080",
                  "inputType": "scalar",
                  "mappings": [
                    {
                      "input": true,
                      "output": "#00D9D9"
                    },
                    {
                      "input": false,
                      "output": "#D97700"
                    }
                  ],
                  "outputType": "color",
                  "type": "map"
                }
              ],
              "type": "tag"
            }
          },
          "props.value.text": {
            "binding": {
              "config": {
                "fallbackDelay": 2.5,
                "mode": "indirect",
                "references": {},
                "tagPath": "[default]MQTT Tags/NUBE_OPC_PLC/NUBE_TROQUELADO/S6_TRO"
              },
              "transforms": [
                {
                  "fallback": "",
                  "inputType": "scalar",
                  "mappings": [
                    {
                      "input": true,
                      "output": "ACTIVO"
                    },
                    {
                      "input": false,
                      "output": "INACTIVO"
                    }
                  ],
                  "outputType": "scalar",
                  "type": "map"
                }
              ],
              "type": "tag"
            }
          }
        },
        "props": {
          "appearance": "simple",
          "value": {}
        },
        "type": "ia.symbol.sensor"
      },
      {
        "custom": {
          "id": 2
        },
        "meta": {
          "name": "Sensor_13"
        },
        "position": {
          "height": 100,
          "width": 100,
          "x": 199.5,
          "y": 302.5
        },
        "propConfig": {
          "props.value.style.stroke": {
            "binding": {
              "config": {
                "fallbackDelay": 2.5,
                "mode": "indirect",
                "references": {},
                "tagPath": "[default]MQTT Tags/NUBE_OPC_PLC/NUBE_TROQUELADO/S4_TRO"
              },
              "transforms": [
                {
                  "fallback": "#808080",
                  "inputType": "scalar",
                  "mappings": [
                    {
                      "input": true,
                      "output": "#00D9D9"
                    },
                    {
                      "input": false,
                      "output": "#D97700"
                    }
                  ],
                  "outputType": "color",
                  "type": "map"
                }
              ],
              "type": "tag"
            }
          },
          "props.value.text": {
            "binding": {
              "config": {
                "fallbackDelay": 2.5,
                "mode": "indirect",
                "references": {},
                "tagPath": "[default]MQTT Tags/NUBE_OPC_PLC/NUBE_TROQUELADO/S4_TRO"
              },
              "transforms": [
                {
                  "fallback": "",
                  "inputType": "scalar",
                  "mappings": [
                    {
                      "input": true,
                      "output": "ACTIVO"
                    },
                    {
                      "input": false,
                      "output": "INACTIVO"
                    }
                  ],
                  "outputType": "scalar",
                  "type": "map"
                }
              ],
              "type": "tag"
            }
          }
        },
        "props": {
          "appearance": "simple",
          "value": {}
        },
        "type": "ia.symbol.sensor"
      },
      {
        "custom": {
          "id": 3
        },
        "meta": {
          "name": "Sensor_14"
        },
        "position": {
          "height": 100,
          "width": 100,
          "x": 334.5,
          "y": 302.5
        },
        "propConfig": {
          "props.value.style.stroke": {
            "binding": {
              "config": {
                "fallbackDelay": 2.5,
                "mode": "indirect",
                "references": {},
                "tagPath": "[default]MQTT Tags/NUBE_OPC_PLC/NUBE_TROQUELADO/S5_TRO"
              },
              "transforms": [
                {
                  "fallback": "#808080",
                  "inputType": "scalar",
                  "mappings": [
                    {
                      "input": true,
                      "output": "#00D9D9"
                    },
                    {
                      "input": false,
                      "output": "#D97700"
                    }
                  ],
                  "outputType": "color",
                  "type": "map"
                }
              ],
              "type": "tag"
            }
          },
          "props.value.text": {
            "binding": {
              "config": {
                "fallbackDelay": 2.5,
                "mode": "indirect",
                "references": {},
                "tagPath": "[default]MQTT Tags/NUBE_OPC_PLC/NUBE_TROQUELADO/S5_TRO"
              },
              "transforms": [
                {
                  "fallback": "",
                  "inputType": "scalar",
                  "mappings": [
                    {
                      "input": true,
                      "output": "ACTIVO"
                    },
                    {
                      "input": false,
                      "output": "INACTIVO"
                    }
                  ],
                  "outputType": "scalar",
                  "type": "map"
                }
              ],
              "type": "tag"
            }
          }
        },
        "props": {
          "appearance": "simple",
          "value": {}
        },
        "type": "ia.symbol.sensor"
      }
    ],
    "meta": {
      "name": "root"
    },
    "type": "ia.container.coord"
  }
}