{
  "custom": {
    "MAQUINA": "TAL"
  },
  "params": {},
  "propConfig": {
    "custom.MAQUINA": {
      "persistent": true
    }
  },
  "props": {},
  "root": {
    "children": [
      {
        "meta": {
          "name": "Label_34"
        },
        "position": {
          "height": 264.00000000000006,
          "rotate": {
            "anchor": "-44% -94%"
          },
          "width": 559,
          "x": 42,
          "y": 444.8
        },
        "props": {
          "style": {
            "backgroundColor": "#FFCCFF5E"
          }
        },
        "type": "ia.display.label"
      },
      {
        "meta": {
          "name": "Label_33"
        },
        "position": {
          "height": 342,
          "width": 161,
          "x": 41,
          "y": 91.2
        },
        "props": {
          "style": {
            "backgroundColor": "#97D9D93D"
          }
        },
        "type": "ia.display.label"
      },
      {
        "meta": {
          "name": "Label_32"
        },
        "position": {
          "height": 342,
          "rotate": {
            "anchor": "-44% -94%"
          },
          "width": 384,
          "x": 214.5,
          "y": 91.2
        },
        "props": {
          "style": {
            "backgroundColor": "#D5D5D5"
          }
        },
        "type": "ia.display.label"
      },
      {
        "meta": {
          "name": "MenuTree"
        },
        "position": {
          "height": 800,
          "width": 155,
          "x": 645
        },
        "props": {
          "items": [
            {
              "enabled": true,
              "items": [],
              "label": {
                "icon": {
                  "path": ""
                },
                "text": "Main"
              },
              "navIcon": {
                "color": "",
                "path": "material/chevron_right"
              },
              "showHeader": true,
              "style": {
                "classes": "",
                "padding": 10
              },
              "target": "/A",
              "visible": true
            },
            {
              "enabled": true,
              "items": [],
              "label": {
                "icon": {
                  "path": ""
                },
                "text": "Parámetros"
              },
              "navIcon": {
                "color": "",
                "path": "material/chevron_right"
              },
              "showHeader": true,
              "style": {
                "classes": "",
                "padding": 10
              },
              "target": "/new-page",
              "visible": true
            },
            {
              "enabled": true,
              "items": [],
              "label": {
                "icon": {
                  "path": ""
                },
                "text": "Alarmas"
              },
              "navIcon": {
                "color": "",
                "path": "material/chevron_right"
              },
              "showHeader": true,
              "style": {
                "classes": "",
                "padding": 10
              },
              "target": "/c",
              "visible": true
            }
          ],
          "key": {},
          "layoutAlignment": "right"
        },
        "type": "ia.navigation.menutree"
      },
      {
        "events": {
          "dom": {
            "onClick": {
              "config": {
                "params": {},
                "view": "MAIN_SCADA"
              },
              "scope": "C",
              "type": "nav"
            }
          }
        },
        "meta": {
          "name": "Button_main"
        },
        "position": {
          "height": 44,
          "rotate": {
            "anchor": "50% 25%"
          },
          "width": 100,
          "x": 672.006,
          "y": 740
        },
        "props": {
          "image": {
            "height": 30,
            "width": 50
          },
          "text": "EXIT"
        },
        "type": "ia.input.button"
      },
      {
        "events": {
          "dom": {
            "onClick": {
              "config": {
                "draggable": true,
                "id": "aI1GsS_R",
                "modal": false,
                "overlayDismiss": false,
                "resizable": true,
                "showCloseIcon": true,
                "type": "open",
                "viewPath": "VERIFICACION",
                "viewportBound": false
              },
              "scope": "C",
              "type": "popup"
            }
          }
        },
        "meta": {
          "name": "Button_alarma"
        },
        "position": {
          "height": 44,
          "width": 100,
          "x": 672.006,
          "y": 378
        },
        "props": {
          "image": {
            "height": 30,
            "width": 50
          },
          "text": "SERVICIOS"
        },
        "type": "ia.input.button"
      },
      {
        "meta": {
          "name": "Motor"
        },
        "position": {
          "height": 100,
          "rotate": {
            "anchor": "75% -35%"
          },
          "width": 100,
          "x": 71.5,
          "y": 104.4
        },
        "type": "ia.symbol.motor"
      },
      {
        "custom": {
          "id": "value"
        },
        "meta": {
          "name": "Label"
        },
        "position": {
          "height": 32,
          "width": 110,
          "x": 228,
          "y": 218.8
        },
        "props": {
          "text": "SENSOR 1"
        },
        "type": "ia.display.label"
      },
      {
        "meta": {
          "name": "Label_6"
        },
        "position": {
          "height": 50,
          "rotate": {
            "anchor": "75% 61%"
          },
          "width": 190,
          "x": 238
        },
        "props": {
          "alignHorizontal": "center",
          "style": {
            "backgroundColor": "#CCCCFF73"
          },
          "text": "   MÁQUINA: TALADROA A"
        },
        "type": "ia.display.label"
      },
      {
        "meta": {
          "name": "Label_0"
        },
        "position": {
          "height": 32,
          "width": 110,
          "x": 362,
          "y": 218.8
        },
        "props": {
          "text": "SENSOR 3"
        },
        "type": "ia.display.label"
      },
      {
        "meta": {
          "name": "Label_1"
        },
        "position": {
          "height": 32,
          "width": 110,
          "x": 497,
          "y": 218.8
        },
        "props": {
          "text": "SENSOR 5"
        },
        "type": "ia.display.label"
      },
      {
        "custom": {
          "id": 1
        },
        "meta": {
          "name": "Sensor_3"
        },
        "position": {
          "height": 100,
          "width": 100,
          "x": 497,
          "y": 104.4
        },
        "propConfig": {
          "props.value.style.stroke": {
            "binding": {
              "config": {
                "fallbackDelay": 2.5,
                "mode": "indirect",
                "references": {
                  "MAQUINA": "{view.custom.MAQUINA}",
                  "id": "{this.custom.id}"
                },
                "tagPath": "[default]MQTT Tags/NUBE_OPC_PLC/NUBE_TALADRO/S{id}_{MAQUINA}"
              },
              "transforms": [
                {
                  "fallback": "#808080",
                  "inputType": "scalar",
                  "mappings": [
                    {
                      "input": true,
                      "output": "#00D9D9"
                    },
                    {
                      "input": false,
                      "output": "#D97700"
                    }
                  ],
                  "outputType": "color",
                  "type": "map"
                }
              ],
              "type": "tag"
            }
          },
          "props.value.text": {
            "binding": {
              "config": {
                "fallbackDelay": 2.5,
                "mode": "indirect",
                "references": {
                  "MAQUINA": "{view.custom.MAQUINA}",
                  "id": "{this.custom.id}"
                },
                "tagPath": "[default]MQTT Tags/NUBE_OPC_PLC/NUBE_TALADRO/S{id}_{MAQUINA}"
              },
              "transforms": [
                {
                  "fallback": "",
                  "inputType": "scalar",
                  "mappings": [
                    {
                      "input": true,
                      "output": "ACTIVO"
                    },
                    {
                      "input": false,
                      "output": "INACTIVO"
                    }
                  ],
                  "outputType": "scalar",
                  "type": "map"
                }
              ],
              "type": "tag"
            }
          }
        },
        "props": {
          "appearance": "simple",
          "value": {}
        },
        "type": "ia.symbol.sensor"
      },
      {
        "meta": {
          "name": "Label_2"
        },
        "position": {
          "height": 32,
          "width": 110,
          "x": 227,
          "y": 400.8
        },
        "props": {
          "text": "SENSOR 2"
        },
        "type": "ia.display.label"
      },
      {
        "meta": {
          "name": "Label_3"
        },
        "position": {
          "height": 32,
          "width": 110,
          "x": 362,
          "y": 400.8
        },
        "props": {
          "text": "SENSOR 4"
        },
        "type": "ia.display.label"
      },
      {
        "meta": {
          "name": "Label_4"
        },
        "position": {
          "height": 32,
          "width": 110,
          "x": 497,
          "y": 400.8
        },
        "props": {
          "text": "SENSOR 6"
        },
        "type": "ia.display.label"
      },
      {
        "custom": {
          "id": 2
        },
        "meta": {
          "name": "Sensor_4"
        },
        "position": {
          "height": 100,
          "width": 100,
          "x": 237,
          "y": 104.4
        },
        "propConfig": {
          "props.value.style.stroke": {
            "binding": {
              "config": {
                "fallbackDelay": 2.5,
                "mode": "indirect",
                "references": {
                  "MAQUINA": "{view.custom.MAQUINA}",
                  "id": "{this.custom.id}"
                },
                "tagPath": "[default]MQTT Tags/NUBE_OPC_PLC/NUBE_TALADRO/S{id}_{MAQUINA}"
              },
              "transforms": [
                {
                  "fallback": "#808080",
                  "inputType": "scalar",
                  "mappings": [
                    {
                      "input": true,
                      "output": "#00D9D9"
                    },
                    {
                      "input": false,
                      "output": "#D97700"
                    }
                  ],
                  "outputType": "color",
                  "type": "map"
                }
              ],
              "type": "tag"
            }
          },
          "props.value.text": {
            "binding": {
              "config": {
                "fallbackDelay": 2.5,
                "mode": "indirect",
                "references": {
                  "MAQUINA": "{view.custom.MAQUINA}",
                  "id": "{this.custom.id}"
                },
                "tagPath": "[default]MQTT Tags/NUBE_OPC_PLC/NUBE_TALADRO/S{id}_{MAQUINA}"
              },
              "transforms": [
                {
                  "fallback": "",
                  "inputType": "scalar",
                  "mappings": [
                    {
                      "input": true,
                      "output": "ACTIVO"
                    },
                    {
                      "input": false,
                      "output": "INACTIVO"
                    }
                  ],
                  "outputType": "scalar",
                  "type": "map"
                }
              ],
              "type": "tag"
            }
          }
        },
        "props": {
          "appearance": "simple",
          "value": {}
        },
        "type": "ia.symbol.sensor"
      },
      {
        "custom": {
          "id": 3
        },
        "meta": {
          "name": "Sensor_5"
        },
        "position": {
          "height": 100,
          "width": 100,
          "x": 367,
          "y": 104.4
        },
        "propConfig": {
          "props.value.style.stroke": {
            "binding": {
              "config": {
                "fallbackDelay": 2.5,
                "mode": "indirect",
                "references": {
                  "MAQUINA": "{view.custom.MAQUINA}",
                  "id": "{this.custom.id}"
                },
                "tagPath": "[default]MQTT Tags/NUBE_OPC_PLC/NUBE_TALADRO/S{id}_{MAQUINA}"
              },
              "transforms": [
                {
                  "fallback": "#808080",
                  "inputType": "scalar",
                  "mappings": [
                    {
                      "input": true,
                      "output": "#00D9D9"
                    },
                    {
                      "input": false,
                      "output": "#D97700"
                    }
                  ],
                  "outputType": "color",
                  "type": "map"
                }
              ],
              "type": "tag"
            }
          },
          "props.value.text": {
            "binding": {
              "config": {
                "fallbackDelay": 2.5,
                "mode": "indirect",
                "references": {
                  "MAQUINA": "{view.custom.MAQUINA}",
                  "id": "{this.custom.id}"
                },
                "tagPath": "[default]MQTT Tags/NUBE_OPC_PLC/NUBE_TALADRO/S{id}_{MAQUINA}"
              },
              "transforms": [
                {
                  "fallback": "",
                  "inputType": "scalar",
                  "mappings": [
                    {
                      "input": true,
                      "output": "ACTIVO"
                    },
                    {
                      "input": false,
                      "output": "INACTIVO"
                    }
                  ],
                  "outputType": "scalar",
                  "type": "map"
                }
              ],
              "type": "tag"
            }
          }
        },
        "props": {
          "appearance": "simple",
          "value": {}
        },
        "type": "ia.symbol.sensor"
      },
      {
        "custom": {
          "id": 4
        },
        "meta": {
          "name": "Sensor_6"
        },
        "position": {
          "height": 100,
          "width": 100,
          "x": 497,
          "y": 290.8
        },
        "propConfig": {
          "props.value.style.stroke": {
            "binding": {
              "config": {
                "fallbackDelay": 2.5,
                "mode": "indirect",
                "references": {
                  "MAQUINA": "{view.custom.MAQUINA}",
                  "id": "{this.custom.id}"
                },
                "tagPath": "[default]MQTT Tags/NUBE_OPC_PLC/NUBE_TALADRO/S{id}_{MAQUINA}"
              },
              "transforms": [
                {
                  "fallback": "#808080",
                  "inputType": "scalar",
                  "mappings": [
                    {
                      "input": true,
                      "output": "#00D9D9"
                    },
                    {
                      "input": false,
                      "output": "#D97700"
                    }
                  ],
                  "outputType": "color",
                  "type": "map"
                }
              ],
              "type": "tag"
            }
          },
          "props.value.text": {
            "binding": {
              "config": {
                "fallbackDelay": 2.5,
                "mode": "indirect",
                "references": {
                  "MAQUINA": "{view.custom.MAQUINA}",
                  "id": "{this.custom.id}"
                },
                "tagPath": "[default]MQTT Tags/NUBE_OPC_PLC/NUBE_TALADRO/S{id}_{MAQUINA}"
              },
              "transforms": [
                {
                  "fallback": "",
                  "inputType": "scalar",
                  "mappings": [
                    {
                      "input": true,
                      "output": "ACTIVO"
                    },
                    {
                      "input": false,
                      "output": "INACTIVO"
                    }
                  ],
                  "outputType": "scalar",
                  "type": "map"
                }
              ],
              "type": "tag"
            }
          }
        },
        "props": {
          "appearance": "simple",
          "value": {}
        },
        "type": "ia.symbol.sensor"
      },
      {
        "custom": {
          "id": 5
        },
        "meta": {
          "name": "Sensor_7"
        },
        "position": {
          "height": 100,
          "width": 100,
          "x": 367,
          "y": 290.8
        },
        "propConfig": {
          "props.value.style.stroke": {
            "binding": {
              "config": {
                "fallbackDelay": 2.5,
                "mode": "indirect",
                "references": {
                  "MAQUINA": "{view.custom.MAQUINA}",
                  "id": "{this.custom.id}"
                },
                "tagPath": "[default]MQTT Tags/NUBE_OPC_PLC/NUBE_TALADRO/S{id}_{MAQUINA}"
              },
              "transforms": [
                {
                  "fallback": "#808080",
                  "inputType": "scalar",
                  "mappings": [
                    {
                      "input": true,
                      "output": "#00D9D9"
                    },
                    {
                      "input": false,
                      "output": "#D97700"
                    }
                  ],
                  "outputType": "color",
                  "type": "map"
                }
              ],
              "type": "tag"
            }
          },
          "props.value.text": {
            "binding": {
              "config": {
                "fallbackDelay": 2.5,
                "mode": "indirect",
                "references": {
                  "MAQUINA": "{view.custom.MAQUINA}",
                  "id": "{this.custom.id}"
                },
                "tagPath": "[default]MQTT Tags/NUBE_OPC_PLC/NUBE_TALADRO/S{id}_{MAQUINA}"
              },
              "transforms": [
                {
                  "fallback": "",
                  "inputType": "scalar",
                  "mappings": [
                    {
                      "input": true,
                      "output": "ACTIVO"
                    },
                    {
                      "input": false,
                      "output": "INACTIVO"
                    }
                  ],
                  "outputType": "scalar",
                  "type": "map"
                }
              ],
              "type": "tag"
            }
          }
        },
        "props": {
          "appearance": "simple",
          "value": {}
        },
        "type": "ia.symbol.sensor"
      },
      {
        "custom": {
          "id": 6
        },
        "meta": {
          "name": "Sensor_8"
        },
        "position": {
          "height": 100,
          "width": 100,
          "x": 237,
          "y": 290.8
        },
        "propConfig": {
          "props.value.style.stroke": {
            "binding": {
              "config": {
                "fallbackDelay": 2.5,
                "mode": "indirect",
                "references": {
                  "MAQUINA": "{view.custom.MAQUINA}",
                  "id": "{this.custom.id}"
                },
                "tagPath": "[default]MQTT Tags/NUBE_OPC_PLC/NUBE_TALADRO/S{id}_{MAQUINA}"
              },
              "transforms": [
                {
                  "fallback": "#808080",
                  "inputType": "scalar",
                  "mappings": [
                    {
                      "input": true,
                      "output": "#00D9D9"
                    },
                    {
                      "input": false,
                      "output": "#D97700"
                    }
                  ],
                  "outputType": "color",
                  "type": "map"
                }
              ],
              "type": "tag"
            }
          },
          "props.value.text": {
            "binding": {
              "config": {
                "fallbackDelay": 2.5,
                "mode": "indirect",
                "references": {
                  "MAQUINA": "{view.custom.MAQUINA}",
                  "id": "{this.custom.id}"
                },
                "tagPath": "[default]MQTT Tags/NUBE_OPC_PLC/NUBE_TALADRO/S{id}_{MAQUINA}"
              },
              "transforms": [
                {
                  "fallback": "",
                  "inputType": "scalar",
                  "mappings": [
                    {
                      "input": true,
                      "output": "ACTIVO"
                    },
                    {
                      "input": false,
                      "output": "INACTIVO"
                    }
                  ],
                  "outputType": "scalar",
                  "type": "map"
                }
              ],
              "type": "tag"
            }
          }
        },
        "props": {
          "appearance": "simple",
          "value": {}
        },
        "type": "ia.symbol.sensor"
      },
      {
        "meta": {
          "name": "MovingAnalogIndicator_1"
        },
        "position": {
          "height": 223,
          "width": 71,
          "x": 60.5,
          "y": 478.2
        },
        "propConfig": {
          "props.processValue": {
            "binding": {
              "config": {
                "fallbackDelay": 2.5,
                "mode": "direct",
                "tagPath": "[default]MQTT Tags/NUBE_OPC_PLC/NUBE_TALADRO/POS_TAL_A"
              },
              "transforms": [
                {
                  "expression": "round(1000*{value},3)",
                  "type": "expression"
                }
              ],
              "type": "tag"
            }
          }
        },
        "props": {
          "desiredHigh": 65,
          "desiredLow": 0,
          "highAlarm": 80,
          "highHighAlarm": null,
          "highInterlock": null,
          "lowAlarm": 10,
          "lowInterlock": null,
          "lowLowAlarm": null
        },
        "type": "ia.display.moving-analog-indicator"
      },
      {
        "meta": {
          "name": "Label_7"
        },
        "position": {
          "height": 32,
          "rotate": {
            "anchor": "25% 25%"
          },
          "width": 75,
          "x": 58.5,
          "y": 446.2
        },
        "props": {
          "text": "Cilindro 1"
        },
        "type": "ia.display.label"
      },
      {
        "meta": {
          "name": "Label_8"
        },
        "position": {
          "height": 32,
          "rotate": {
            "anchor": "25% 25%"
          },
          "width": 75,
          "x": 249.5,
          "y": 446.2
        },
        "props": {
          "text": "Cilindro 2"
        },
        "type": "ia.display.label"
      },
      {
        "meta": {
          "name": "Label_9"
        },
        "position": {
          "height": 32,
          "rotate": {
            "anchor": "25% 25%"
          },
          "width": 75,
          "x": 440.5,
          "y": 446.2
        },
        "props": {
          "text": "Cilindro 3"
        },
        "type": "ia.display.label"
      },
      {
        "meta": {
          "name": "Label_10"
        },
        "position": {
          "height": 32,
          "width": 45,
          "x": 128.5,
          "y": 573.7
        },
        "propConfig": {
          "props.text": {
            "binding": {
              "config": {
                "fallbackDelay": 2.5,
                "mode": "direct",
                "tagPath": "[default]MQTT Tags/NUBE_OPC_PLC/NUBE_TALADRO/POS_TAL_A"
              },
              "transforms": [
                {
                  "expression": "round(1000*{value},3)",
                  "type": "expression"
                }
              ],
              "type": "tag"
            }
          }
        },
        "type": "ia.display.label"
      },
      {
        "meta": {
          "name": "Label_16"
        },
        "position": {
          "height": 32,
          "width": 30,
          "x": 167,
          "y": 310.2
        },
        "propConfig": {
          "props.text": {
            "binding": {
              "config": {
                "fallbackDelay": 2.5,
                "mode": "direct",
                "tagPath": "[default]MQTT Tags/NUBE_OPC_PLC/NUBE_TALADRO/CNT_TUBO_DIAG"
              },
              "type": "tag"
            }
          }
        },
        "type": "ia.display.label"
      },
      {
        "meta": {
          "name": "Label_13"
        },
        "position": {
          "height": 32,
          "width": 155,
          "x": 44,
          "y": 268.2
        },
        "props": {
          "text": "Producción Jornada"
        },
        "type": "ia.display.label"
      },
      {
        "meta": {
          "name": "Label_17"
        },
        "position": {
          "height": 32,
          "width": 30,
          "x": 167,
          "y": 355.9
        },
        "propConfig": {
          "props.text": {
            "binding": {
              "config": {
                "fallbackDelay": 2.5,
                "mode": "direct",
                "tagPath": "[default]MQTT Tags/NUBE_OPC_PLC/NUBE_TALADRO/CNT_TUBO_VERT"
              },
              "type": "tag"
            }
          }
        },
        "type": "ia.display.label"
      },
      {
        "meta": {
          "name": "Label_14"
        },
        "position": {
          "height": 32,
          "width": 104,
          "x": 46.5,
          "y": 310.2
        },
        "props": {
          "text": "Tubo Diag."
        },
        "type": "ia.display.label"
      },
      {
        "meta": {
          "name": "Label_15"
        },
        "position": {
          "height": 32,
          "width": 104,
          "x": 46.5,
          "y": 355.9
        },
        "props": {
          "text": "Tubo Vert."
        },
        "type": "ia.display.label"
      },
      {
        "meta": {
          "name": "Label_5"
        },
        "position": {
          "height": 32,
          "width": 50,
          "x": 187,
          "y": 573.7
        },
        "props": {
          "text": "mm"
        },
        "type": "ia.display.label"
      },
      {
        "meta": {
          "name": "MovingAnalogIndicator_2"
        },
        "position": {
          "height": 223,
          "width": 71,
          "x": 248.75,
          "y": 478.2
        },
        "propConfig": {
          "props.processValue": {
            "binding": {
              "config": {
                "fallbackDelay": 2.5,
                "mode": "direct",
                "tagPath": "[default]MQTT Tags/NUBE_OPC_PLC/NUBE_TALADRO/POS_TAL_B"
              },
              "transforms": [
                {
                  "expression": "abs(round(1000*{value},3))",
                  "type": "expression"
                }
              ],
              "type": "tag"
            }
          }
        },
        "props": {
          "desiredHigh": 65,
          "desiredLow": 0,
          "highAlarm": 80,
          "highHighAlarm": null,
          "highInterlock": null,
          "lowAlarm": 10,
          "lowInterlock": null,
          "lowLowAlarm": null
        },
        "type": "ia.display.moving-analog-indicator"
      },
      {
        "meta": {
          "name": "Label_11"
        },
        "position": {
          "height": 32,
          "width": 45,
          "x": 316.75,
          "y": 573.7
        },
        "propConfig": {
          "props.text": {
            "binding": {
              "config": {
                "fallbackDelay": 2.5,
                "mode": "direct",
                "tagPath": "[default]MQTT Tags/NUBE_OPC_PLC/NUBE_TALADRO/POS_TAL_B"
              },
              "transforms": [
                {
                  "expression": "abs(round(1000*{value},3))",
                  "type": "expression"
                }
              ],
              "type": "tag"
            }
          }
        },
        "type": "ia.display.label"
      },
      {
        "meta": {
          "name": "Label_12"
        },
        "position": {
          "height": 32,
          "width": 50,
          "x": 375.25,
          "y": 573.7
        },
        "props": {
          "text": "mm"
        },
        "type": "ia.display.label"
      },
      {
        "meta": {
          "name": "MovingAnalogIndicator_3"
        },
        "position": {
          "height": 223,
          "width": 71,
          "x": 440.5,
          "y": 478.2
        },
        "propConfig": {
          "props.processValue": {
            "binding": {
              "config": {
                "fallbackDelay": 2.5,
                "mode": "direct",
                "tagPath": "[default]MQTT Tags/NUBE_OPC_PLC/NUBE_TALADRO/POS_TAL_C"
              },
              "transforms": [
                {
                  "expression": "abs(round(1000*{value},3))",
                  "type": "expression"
                }
              ],
              "type": "tag"
            }
          }
        },
        "props": {
          "desiredHigh": 65,
          "desiredLow": 0,
          "highAlarm": 80,
          "highHighAlarm": null,
          "highInterlock": null,
          "lowAlarm": 10,
          "lowInterlock": null,
          "lowLowAlarm": null
        },
        "type": "ia.display.moving-analog-indicator"
      },
      {
        "meta": {
          "name": "Label_18"
        },
        "position": {
          "height": 32,
          "width": 45,
          "x": 508.5,
          "y": 573.7
        },
        "propConfig": {
          "props.text": {
            "binding": {
              "config": {
                "fallbackDelay": 2.5,
                "mode": "direct",
                "tagPath": "[default]MQTT Tags/NUBE_OPC_PLC/NUBE_TALADRO/POS_TAL_C"
              },
              "transforms": [
                {
                  "expression": "abs(round(1000*{value},3))",
                  "type": "expression"
                }
              ],
              "type": "tag"
            }
          }
        },
        "type": "ia.display.label"
      },
      {
        "meta": {
          "name": "Label_19"
        },
        "position": {
          "height": 32,
          "width": 50,
          "x": 567,
          "y": 573.7
        },
        "props": {
          "text": "mm"
        },
        "type": "ia.display.label"
      }
    ],
    "meta": {
      "name": "root"
    },
    "type": "ia.container.coord"
  }
}