{
  "custom": {},
  "params": {},
  "props": {},
  "root": {
    "children": [
      {
        "events": {
          "dom": {
            "onClick": {
              "config": {
                "draggable": true,
                "id": "hSRNHnFF",
                "modal": false,
                "overlayDismiss": false,
                "position": {
                  "height": 300,
                  "relativeLocation": "center",
                  "width": 300
                },
                "positionType": "relative",
                "resizable": true,
                "showCloseIcon": true,
                "title": "DAHJFKDSL",
                "type": "open",
                "viewParams": {
                  "TRUE": ""
                },
                "viewPath": "MAIN_SCADA",
                "viewportBound": false
              },
              "scope": "C",
              "type": "popup"
            }
          }
        },
        "meta": {
          "name": "BUT_ALM_0"
        },
        "position": {
          "height": 70,
          "width": 152,
          "x": 36.5,
          "y": 145.5
        },
        "propConfig": {
          "props.style.backgroundColor": {
            "binding": {
              "config": {
                "fallbackDelay": 2.5,
                "mode": "direct",
                "tagPath": ""
              },
              "transforms": [
                {
                  "fallback": "#D5D5D5",
                  "inputType": "scalar",
                  "mappings": [
                    {
                      "input": true,
                      "output": "#91D0FF"
                    },
                    {
                      "input": false,
                      "output": "#FFBEB1"
                    }
                  ],
                  "outputType": "color",
                  "type": "map"
                }
              ],
              "type": "tag"
            }
          }
        },
        "props": {
          "text": "ALMACENAMIENTO"
        },
        "type": "ia.input.button"
      },
      {
        "events": {
          "dom": {
            "onClick": {
              "config": {
                "params": {},
                "view": "MAQUINA"
              },
              "scope": "C",
              "type": "nav"
            }
          }
        },
        "meta": {
          "name": "BUT_STAG_0"
        },
        "position": {
          "height": 70,
          "width": 152,
          "x": 227.5,
          "y": 145.5
        },
        "propConfig": {
          "props.style.backgroundColor": {
            "binding": {
              "config": {
                "fallbackDelay": 2.5,
                "mode": "direct",
                "tagPath": ""
              },
              "transforms": [
                {
                  "fallback": "#D5D5D5",
                  "inputType": "scalar",
                  "mappings": [
                    {
                      "input": true,
                      "output": "#91D0FF"
                    },
                    {
                      "input": false,
                      "output": "#FFBEB1"
                    }
                  ],
                  "outputType": "color",
                  "type": "map"
                }
              ],
              "type": "tag"
            }
          }
        },
        "props": {
          "text": "STAGE 0"
        },
        "type": "ia.input.button"
      },
      {
        "events": {
          "dom": {
            "onClick": {
              "config": {
                "draggable": true,
                "id": "hSRNHnFF",
                "modal": false,
                "overlayDismiss": false,
                "position": {
                  "height": 300,
                  "relativeLocation": "center",
                  "width": 300
                },
                "positionType": "relative",
                "resizable": true,
                "showCloseIcon": true,
                "title": "DAHJFKDSL",
                "type": "open",
                "viewParams": {
                  "TRUE": ""
                },
                "viewPath": "MAIN_SCADA",
                "viewportBound": false
              },
              "scope": "C",
              "type": "popup"
            }
          }
        },
        "meta": {
          "name": "BUT_STAG_1"
        },
        "position": {
          "height": 70,
          "width": 152,
          "x": 420.5,
          "y": 145.5
        },
        "propConfig": {
          "props.style.backgroundColor": {
            "binding": {
              "config": {
                "fallbackDelay": 2.5,
                "mode": "direct",
                "tagPath": ""
              },
              "transforms": [
                {
                  "fallback": "#D5D5D5",
                  "inputType": "scalar",
                  "mappings": [
                    {
                      "input": true,
                      "output": "#91D0FF"
                    },
                    {
                      "input": false,
                      "output": "#FFBEB1"
                    }
                  ],
                  "outputType": "color",
                  "type": "map"
                }
              ],
              "type": "tag"
            }
          }
        },
        "props": {
          "text": "STAGE 1"
        },
        "type": "ia.input.button"
      },
      {
        "events": {
          "dom": {
            "onClick": {
              "config": {
                "draggable": true,
                "id": "hSRNHnFF",
                "modal": false,
                "overlayDismiss": false,
                "position": {
                  "height": 300,
                  "relativeLocation": "center",
                  "width": 300
                },
                "positionType": "relative",
                "resizable": true,
                "showCloseIcon": true,
                "title": "DAHJFKDSL",
                "type": "open",
                "viewParams": {
                  "TRUE": ""
                },
                "viewPath": "MAIN_SCADA",
                "viewportBound": false
              },
              "scope": "C",
              "type": "popup"
            }
          }
        },
        "meta": {
          "name": " BUT_STAG_2"
        },
        "position": {
          "height": 70,
          "width": 152,
          "x": 611.5,
          "y": 145.5
        },
        "propConfig": {
          "props.style.backgroundColor": {
            "binding": {
              "config": {
                "fallbackDelay": 2.5,
                "mode": "direct",
                "tagPath": ""
              },
              "transforms": [
                {
                  "fallback": "#D5D5D5",
                  "inputType": "scalar",
                  "mappings": [
                    {
                      "input": true,
                      "output": "#91D0FF"
                    },
                    {
                      "input": false,
                      "output": "#FFBEB1"
                    }
                  ],
                  "outputType": "color",
                  "type": "map"
                }
              ],
              "type": "tag"
            }
          }
        },
        "props": {
          "text": "STAGE 2"
        },
        "type": "ia.input.button"
      },
      {
        "events": {
          "dom": {
            "onClick": {
              "config": {
                "draggable": true,
                "id": "hSRNHnFF",
                "modal": false,
                "overlayDismiss": false,
                "position": {
                  "height": 300,
                  "relativeLocation": "center",
                  "width": 300
                },
                "positionType": "relative",
                "resizable": true,
                "showCloseIcon": true,
                "title": "DAHJFKDSL",
                "type": "open",
                "viewParams": {
                  "TRUE": ""
                },
                "viewPath": "MAIN_SCADA",
                "viewportBound": false
              },
              "scope": "C",
              "type": "popup"
            }
          }
        },
        "meta": {
          "name": "BUT_STAG_3"
        },
        "position": {
          "height": 70,
          "width": 152,
          "x": 36.5,
          "y": 254.5
        },
        "propConfig": {
          "props.style.backgroundColor": {
            "binding": {
              "config": {
                "fallbackDelay": 2.5,
                "mode": "direct",
                "tagPath": ""
              },
              "transforms": [
                {
                  "fallback": "#D5D5D5",
                  "inputType": "scalar",
                  "mappings": [
                    {
                      "input": true,
                      "output": "#91D0FF"
                    },
                    {
                      "input": false,
                      "output": "#FFBEB1"
                    }
                  ],
                  "outputType": "color",
                  "type": "map"
                }
              ],
              "type": "tag"
            }
          }
        },
        "props": {
          "text": "STAGE 3"
        },
        "type": "ia.input.button"
      },
      {
        "events": {
          "dom": {
            "onClick": {
              "config": {
                "draggable": true,
                "id": "hSRNHnFF",
                "modal": false,
                "overlayDismiss": false,
                "position": {
                  "height": 300,
                  "relativeLocation": "center",
                  "width": 300
                },
                "positionType": "relative",
                "resizable": true,
                "showCloseIcon": true,
                "title": "DAHJFKDSL",
                "type": "open",
                "viewParams": {
                  "TRUE": ""
                },
                "viewPath": "MAIN_SCADA",
                "viewportBound": false
              },
              "scope": "C",
              "type": "popup"
            }
          }
        },
        "meta": {
          "name": "BUT_STAG_4"
        },
        "position": {
          "height": 70,
          "width": 152,
          "x": 227.5,
          "y": 254.5
        },
        "propConfig": {
          "props.style.backgroundColor": {
            "binding": {
              "config": {
                "fallbackDelay": 2.5,
                "mode": "direct",
                "tagPath": ""
              },
              "transforms": [
                {
                  "fallback": "#D5D5D5",
                  "inputType": "scalar",
                  "mappings": [
                    {
                      "input": true,
                      "output": "#91D0FF"
                    },
                    {
                      "input": false,
                      "output": "#FFBEB1"
                    }
                  ],
                  "outputType": "color",
                  "type": "map"
                }
              ],
              "type": "tag"
            }
          }
        },
        "props": {
          "text": "STAGE 4"
        },
        "type": "ia.input.button"
      },
      {
        "events": {
          "dom": {
            "onClick": {
              "config": {
                "draggable": true,
                "id": "hSRNHnFF",
                "modal": false,
                "overlayDismiss": false,
                "position": {
                  "height": 300,
                  "relativeLocation": "center",
                  "width": 300
                },
                "positionType": "relative",
                "resizable": true,
                "showCloseIcon": true,
                "title": "DAHJFKDSL",
                "type": "open",
                "viewParams": {
                  "TRUE": ""
                },
                "viewPath": "MAIN_SCADA",
                "viewportBound": false
              },
              "scope": "C",
              "type": "popup"
            }
          }
        },
        "meta": {
          "name": "BUT_STAG_5"
        },
        "position": {
          "height": 70,
          "width": 152,
          "x": 420.5,
          "y": 254.5
        },
        "propConfig": {
          "props.style.backgroundColor": {
            "binding": {
              "config": {
                "fallbackDelay": 2.5,
                "mode": "direct",
                "tagPath": ""
              },
              "transforms": [
                {
                  "fallback": "#D5D5D5",
                  "inputType": "scalar",
                  "mappings": [
                    {
                      "input": true,
                      "output": "#91D0FF"
                    },
                    {
                      "input": false,
                      "output": "#FFBEB1"
                    }
                  ],
                  "outputType": "color",
                  "type": "map"
                }
              ],
              "type": "tag"
            }
          }
        },
        "props": {
          "text": "STAGE 5"
        },
        "type": "ia.input.button"
      },
      {
        "events": {
          "dom": {
            "onClick": {
              "config": {
                "draggable": true,
                "id": "hSRNHnFF",
                "modal": false,
                "overlayDismiss": false,
                "position": {
                  "height": 300,
                  "relativeLocation": "center",
                  "width": 300
                },
                "positionType": "relative",
                "resizable": true,
                "showCloseIcon": true,
                "title": "DAHJFKDSL",
                "type": "open",
                "viewParams": {
                  "TRUE": ""
                },
                "viewPath": "MAIN_SCADA",
                "viewportBound": false
              },
              "scope": "C",
              "type": "popup"
            }
          }
        },
        "meta": {
          "name": "BUT_STAG_6"
        },
        "position": {
          "height": 70,
          "width": 152,
          "x": 611.5,
          "y": 254.5
        },
        "propConfig": {
          "props.style.backgroundColor": {
            "binding": {
              "config": {
                "fallbackDelay": 2.5,
                "mode": "direct",
                "tagPath": ""
              },
              "transforms": [
                {
                  "fallback": "#D5D5D5",
                  "inputType": "scalar",
                  "mappings": [
                    {
                      "input": true,
                      "output": "#91D0FF"
                    },
                    {
                      "input": false,
                      "output": "#FFBEB1"
                    }
                  ],
                  "outputType": "color",
                  "type": "map"
                }
              ],
              "type": "tag"
            }
          }
        },
        "props": {
          "text": "STAGE 6"
        },
        "type": "ia.input.button"
      },
      {
        "events": {
          "dom": {
            "onClick": {
              "config": {
                "draggable": true,
                "id": "hSRNHnFF",
                "modal": false,
                "overlayDismiss": false,
                "position": {
                  "height": 300,
                  "relativeLocation": "center",
                  "width": 300
                },
                "positionType": "relative",
                "resizable": true,
                "showCloseIcon": true,
                "title": "DAHJFKDSL",
                "type": "open",
                "viewParams": {
                  "TRUE": ""
                },
                "viewPath": "MAIN_SCADA",
                "viewportBound": false
              },
              "scope": "C",
              "type": "popup"
            }
          }
        },
        "meta": {
          "name": "BUT_STAG_7"
        },
        "position": {
          "height": 70,
          "width": 152,
          "x": 36.5,
          "y": 364.5
        },
        "propConfig": {
          "props.style.backgroundColor": {
            "binding": {
              "config": {
                "fallbackDelay": 2.5,
                "mode": "direct",
                "tagPath": ""
              },
              "transforms": [
                {
                  "fallback": "#D5D5D5",
                  "inputType": "scalar",
                  "mappings": [
                    {
                      "input": true,
                      "output": "#91D0FF"
                    },
                    {
                      "input": false,
                      "output": "#FFBEB1"
                    }
                  ],
                  "outputType": "color",
                  "type": "map"
                }
              ],
              "type": "tag"
            }
          }
        },
        "props": {
          "text": "STAGE 7"
        },
        "type": "ia.input.button"
      },
      {
        "events": {
          "dom": {
            "onClick": {
              "config": {
                "draggable": true,
                "id": "hSRNHnFF",
                "modal": false,
                "overlayDismiss": false,
                "position": {
                  "height": 300,
                  "relativeLocation": "center",
                  "width": 300
                },
                "positionType": "relative",
                "resizable": true,
                "showCloseIcon": true,
                "title": "DAHJFKDSL",
                "type": "open",
                "viewParams": {
                  "TRUE": ""
                },
                "viewPath": "MAIN_SCADA",
                "viewportBound": false
              },
              "scope": "C",
              "type": "popup"
            }
          }
        },
        "meta": {
          "name": "BUT_STAG_8"
        },
        "position": {
          "height": 70,
          "width": 152,
          "x": 227.5,
          "y": 364.5
        },
        "propConfig": {
          "props.style.backgroundColor": {
            "binding": {
              "config": {
                "fallbackDelay": 2.5,
                "mode": "direct",
                "tagPath": ""
              },
              "transforms": [
                {
                  "fallback": "#D5D5D5",
                  "inputType": "scalar",
                  "mappings": [
                    {
                      "input": true,
                      "output": "#91D0FF"
                    },
                    {
                      "input": false,
                      "output": "#FFBEB1"
                    }
                  ],
                  "outputType": "color",
                  "type": "map"
                }
              ],
              "type": "tag"
            }
          }
        },
        "props": {
          "text": "STAGE 8"
        },
        "type": "ia.input.button"
      },
      {
        "events": {
          "dom": {
            "onClick": {
              "config": {
                "draggable": true,
                "id": "hSRNHnFF",
                "modal": false,
                "overlayDismiss": false,
                "position": {
                  "height": 300,
                  "relativeLocation": "center",
                  "width": 300
                },
                "positionType": "relative",
                "resizable": true,
                "showCloseIcon": true,
                "title": "DAHJFKDSL",
                "type": "open",
                "viewParams": {
                  "TRUE": ""
                },
                "viewPath": "MAIN_SCADA",
                "viewportBound": false
              },
              "scope": "C",
              "type": "popup"
            }
          }
        },
        "meta": {
          "name": "BUT_STAG_9"
        },
        "position": {
          "height": 70,
          "width": 152,
          "x": 420.5,
          "y": 364.5
        },
        "propConfig": {
          "props.style.backgroundColor": {
            "binding": {
              "config": {
                "fallbackDelay": 2.5,
                "mode": "direct",
                "tagPath": ""
              },
              "transforms": [
                {
                  "fallback": "#D5D5D5",
                  "inputType": "scalar",
                  "mappings": [
                    {
                      "input": true,
                      "output": "#91D0FF"
                    },
                    {
                      "input": false,
                      "output": "#FFBEB1"
                    }
                  ],
                  "outputType": "color",
                  "type": "map"
                }
              ],
              "type": "tag"
            }
          }
        },
        "props": {
          "text": "STAGE 9"
        },
        "type": "ia.input.button"
      },
      {
        "events": {
          "dom": {
            "onClick": {
              "config": {
                "draggable": true,
                "id": "hSRNHnFF",
                "modal": false,
                "overlayDismiss": false,
                "position": {
                  "height": 300,
                  "relativeLocation": "center",
                  "width": 300
                },
                "positionType": "relative",
                "resizable": true,
                "showCloseIcon": true,
                "title": "DAHJFKDSL",
                "type": "open",
                "viewParams": {
                  "TRUE": ""
                },
                "viewPath": "MAIN_SCADA",
                "viewportBound": false
              },
              "scope": "C",
              "type": "popup"
            }
          }
        },
        "meta": {
          "name": "BUT_STAG_10"
        },
        "position": {
          "height": 70,
          "width": 152,
          "x": 611.5,
          "y": 364.5
        },
        "propConfig": {
          "props.style.backgroundColor": {
            "binding": {
              "config": {
                "fallbackDelay": 2.5,
                "mode": "direct",
                "tagPath": ""
              },
              "transforms": [
                {
                  "fallback": "#D5D5D5",
                  "inputType": "scalar",
                  "mappings": [
                    {
                      "input": true,
                      "output": "#91D0FF"
                    },
                    {
                      "input": false,
                      "output": "#FFBEB1"
                    }
                  ],
                  "outputType": "color",
                  "type": "map"
                }
              ],
              "type": "tag"
            }
          }
        },
        "props": {
          "text": "STAGE 10"
        },
        "type": "ia.input.button"
      },
      {
        "events": {
          "dom": {
            "onClick": {
              "config": {
                "draggable": true,
                "id": "hSRNHnFF",
                "modal": false,
                "overlayDismiss": false,
                "position": {
                  "height": 300,
                  "relativeLocation": "center",
                  "width": 300
                },
                "positionType": "relative",
                "resizable": true,
                "showCloseIcon": true,
                "title": "DAHJFKDSL",
                "type": "open",
                "viewParams": {
                  "TRUE": ""
                },
                "viewPath": "MAIN_SCADA",
                "viewportBound": false
              },
              "scope": "C",
              "type": "popup"
            }
          }
        },
        "meta": {
          "name": "BUT_STAG_11"
        },
        "position": {
          "height": 70,
          "width": 152,
          "x": 227.5,
          "y": 584.5
        },
        "propConfig": {
          "props.style.backgroundColor": {
            "binding": {
              "config": {
                "fallbackDelay": 2.5,
                "mode": "direct",
                "tagPath": ""
              },
              "transforms": [
                {
                  "fallback": "#D5D5D5",
                  "inputType": "scalar",
                  "mappings": [
                    {
                      "input": true,
                      "output": "#91D0FF"
                    },
                    {
                      "input": false,
                      "output": "#FFBEB1"
                    }
                  ],
                  "outputType": "color",
                  "type": "map"
                }
              ],
              "type": "tag"
            }
          }
        },
        "props": {
          "text": "STAGE 16"
        },
        "type": "ia.input.button"
      },
      {
        "events": {
          "dom": {
            "onClick": {
              "config": {
                "draggable": true,
                "id": "hSRNHnFF",
                "modal": false,
                "overlayDismiss": false,
                "position": {
                  "height": 300,
                  "relativeLocation": "center",
                  "width": 300
                },
                "positionType": "relative",
                "resizable": true,
                "showCloseIcon": true,
                "title": "DAHJFKDSL",
                "type": "open",
                "viewParams": {
                  "TRUE": ""
                },
                "viewPath": "MAIN_SCADA",
                "viewportBound": false
              },
              "scope": "C",
              "type": "popup"
            }
          }
        },
        "meta": {
          "name": "BUT_STAG_12"
        },
        "position": {
          "height": 70,
          "width": 152,
          "x": 420.5,
          "y": 584.5
        },
        "propConfig": {
          "props.style.backgroundColor": {
            "binding": {
              "config": {
                "fallbackDelay": 2.5,
                "mode": "direct",
                "tagPath": ""
              },
              "transforms": [
                {
                  "fallback": "#D5D5D5",
                  "inputType": "scalar",
                  "mappings": [
                    {
                      "input": true,
                      "output": "#91D0FF"
                    },
                    {
                      "input": false,
                      "output": "#FFBEB1"
                    }
                  ],
                  "outputType": "color",
                  "type": "map"
                }
              ],
              "type": "tag"
            }
          }
        },
        "props": {
          "text": "STAGE 17"
        },
        "type": "ia.input.button"
      },
      {
        "events": {
          "dom": {
            "onClick": {
              "config": {
                "draggable": true,
                "id": "hSRNHnFF",
                "modal": false,
                "overlayDismiss": false,
                "position": {
                  "height": 300,
                  "relativeLocation": "center",
                  "width": 300
                },
                "positionType": "relative",
                "resizable": true,
                "showCloseIcon": true,
                "title": "DAHJFKDSL",
                "type": "open",
                "viewParams": {
                  "TRUE": ""
                },
                "viewPath": "MAIN_SCADA",
                "viewportBound": false
              },
              "scope": "C",
              "type": "popup"
            }
          }
        },
        "meta": {
          "name": "BUT_STAG_13"
        },
        "position": {
          "height": 70,
          "width": 152,
          "x": 611.5,
          "y": 584.5
        },
        "propConfig": {
          "props.style.backgroundColor": {
            "binding": {
              "config": {
                "fallbackDelay": 2.5,
                "mode": "direct",
                "tagPath": ""
              },
              "transforms": [
                {
                  "fallback": "#D5D5D5",
                  "inputType": "scalar",
                  "mappings": [
                    {
                      "input": true,
                      "output": "#91D0FF"
                    },
                    {
                      "input": false,
                      "output": "#FFBEB1"
                    }
                  ],
                  "outputType": "color",
                  "type": "map"
                }
              ],
              "type": "tag"
            }
          }
        },
        "props": {
          "text": "STAGE 18"
        },
        "type": "ia.input.button"
      },
      {
        "events": {
          "dom": {
            "onClick": {
              "config": {
                "draggable": true,
                "id": "hSRNHnFF",
                "modal": false,
                "overlayDismiss": false,
                "position": {
                  "height": 300,
                  "relativeLocation": "center",
                  "width": 300
                },
                "positionType": "relative",
                "resizable": true,
                "showCloseIcon": true,
                "title": "DAHJFKDSL",
                "type": "open",
                "viewParams": {
                  "TRUE": ""
                },
                "viewPath": "MAIN_SCADA",
                "viewportBound": false
              },
              "scope": "C",
              "type": "popup"
            }
          }
        },
        "meta": {
          "name": "BUT_STAG_14"
        },
        "position": {
          "height": 70,
          "width": 152,
          "x": 36.5,
          "y": 584.5
        },
        "propConfig": {
          "props.style.backgroundColor": {
            "binding": {
              "config": {
                "fallbackDelay": 2.5,
                "mode": "direct",
                "tagPath": ""
              },
              "transforms": [
                {
                  "fallback": "#D5D5D5",
                  "inputType": "scalar",
                  "mappings": [
                    {
                      "input": true,
                      "output": "#91D0FF"
                    },
                    {
                      "input": false,
                      "output": "#FFBEB1"
                    }
                  ],
                  "outputType": "color",
                  "type": "map"
                }
              ],
              "type": "tag"
            }
          }
        },
        "props": {
          "text": "STAGE 15"
        },
        "type": "ia.input.button"
      },
      {
        "events": {
          "dom": {
            "onClick": {
              "config": {
                "draggable": true,
                "id": "hSRNHnFF",
                "modal": false,
                "overlayDismiss": false,
                "position": {
                  "height": 300,
                  "relativeLocation": "center",
                  "width": 300
                },
                "positionType": "relative",
                "resizable": true,
                "showCloseIcon": true,
                "title": "DAHJFKDSL",
                "type": "open",
                "viewParams": {
                  "TRUE": ""
                },
                "viewPath": "MAIN_SCADA",
                "viewportBound": false
              },
              "scope": "C",
              "type": "popup"
            }
          }
        },
        "meta": {
          "name": "BUT_STAG_15"
        },
        "position": {
          "height": 70,
          "width": 152,
          "x": 36.5,
          "y": 474.5
        },
        "propConfig": {
          "props.style.backgroundColor": {
            "binding": {
              "config": {
                "fallbackDelay": 2.5,
                "mode": "direct",
                "tagPath": ""
              },
              "transforms": [
                {
                  "fallback": "#D5D5D5",
                  "inputType": "scalar",
                  "mappings": [
                    {
                      "input": true,
                      "output": "#91D0FF"
                    },
                    {
                      "input": false,
                      "output": "#FFBEB1"
                    }
                  ],
                  "outputType": "color",
                  "type": "map"
                }
              ],
              "type": "tag"
            }
          }
        },
        "props": {
          "text": "STAGE 11"
        },
        "type": "ia.input.button"
      },
      {
        "events": {
          "dom": {
            "onClick": {
              "config": {
                "draggable": true,
                "id": "hSRNHnFF",
                "modal": false,
                "overlayDismiss": false,
                "position": {
                  "height": 300,
                  "relativeLocation": "center",
                  "width": 300
                },
                "positionType": "relative",
                "resizable": true,
                "showCloseIcon": true,
                "title": "DAHJFKDSL",
                "type": "open",
                "viewParams": {
                  "TRUE": ""
                },
                "viewPath": "MAIN_SCADA",
                "viewportBound": false
              },
              "scope": "C",
              "type": "popup"
            }
          }
        },
        "meta": {
          "name": "BUT_STAG_16"
        },
        "position": {
          "height": 70,
          "width": 152,
          "x": 227.5,
          "y": 474.5
        },
        "propConfig": {
          "props.style.backgroundColor": {
            "binding": {
              "config": {
                "fallbackDelay": 2.5,
                "mode": "direct",
                "tagPath": ""
              },
              "transforms": [
                {
                  "fallback": "#D5D5D5",
                  "inputType": "scalar",
                  "mappings": [
                    {
                      "input": true,
                      "output": "#91D0FF"
                    },
                    {
                      "input": false,
                      "output": "#FFBEB1"
                    }
                  ],
                  "outputType": "color",
                  "type": "map"
                }
              ],
              "type": "tag"
            }
          }
        },
        "props": {
          "text": "STAGE 12"
        },
        "type": "ia.input.button"
      },
      {
        "events": {
          "dom": {
            "onClick": {
              "config": {
                "draggable": true,
                "id": "hSRNHnFF",
                "modal": false,
                "overlayDismiss": false,
                "position": {
                  "height": 300,
                  "relativeLocation": "center",
                  "width": 300
                },
                "positionType": "relative",
                "resizable": true,
                "showCloseIcon": true,
                "title": "DAHJFKDSL",
                "type": "open",
                "viewParams": {
                  "TRUE": ""
                },
                "viewPath": "MAIN_SCADA",
                "viewportBound": false
              },
              "scope": "C",
              "type": "popup"
            }
          }
        },
        "meta": {
          "name": "BUT_STAG_17"
        },
        "position": {
          "height": 70,
          "width": 152,
          "x": 420.5,
          "y": 474.5
        },
        "propConfig": {
          "props.style.backgroundColor": {
            "binding": {
              "config": {
                "fallbackDelay": 2.5,
                "mode": "direct",
                "tagPath": ""
              },
              "transforms": [
                {
                  "fallback": "#D5D5D5",
                  "inputType": "scalar",
                  "mappings": [
                    {
                      "input": true,
                      "output": "#91D0FF"
                    },
                    {
                      "input": false,
                      "output": "#FFBEB1"
                    }
                  ],
                  "outputType": "color",
                  "type": "map"
                }
              ],
              "type": "tag"
            }
          }
        },
        "props": {
          "text": "STAGE 13"
        },
        "type": "ia.input.button"
      },
      {
        "events": {
          "dom": {
            "onClick": {
              "config": {
                "draggable": true,
                "id": "hSRNHnFF",
                "modal": false,
                "overlayDismiss": false,
                "position": {
                  "height": 300,
                  "relativeLocation": "center",
                  "width": 300
                },
                "positionType": "relative",
                "resizable": true,
                "showCloseIcon": true,
                "title": "DAHJFKDSL",
                "type": "open",
                "viewParams": {
                  "TRUE": ""
                },
                "viewPath": "MAIN_SCADA",
                "viewportBound": false
              },
              "scope": "C",
              "type": "popup"
            }
          }
        },
        "meta": {
          "name": "BUT_STAG_18"
        },
        "position": {
          "height": 70,
          "width": 152,
          "x": 611.5,
          "y": 474.5
        },
        "propConfig": {
          "props.style.backgroundColor": {
            "binding": {
              "config": {
                "fallbackDelay": 2.5,
                "mode": "direct",
                "tagPath": ""
              },
              "transforms": [
                {
                  "fallback": "#D5D5D5",
                  "inputType": "scalar",
                  "mappings": [
                    {
                      "input": true,
                      "output": "#91D0FF"
                    },
                    {
                      "input": false,
                      "output": "#FFBEB1"
                    }
                  ],
                  "outputType": "color",
                  "type": "map"
                }
              ],
              "type": "tag"
            }
          }
        },
        "props": {
          "text": "STAGE 14"
        },
        "type": "ia.input.button"
      },
      {
        "events": {
          "dom": {
            "onClick": {
              "config": {
                "draggable": true,
                "id": "hSRNHnFF",
                "modal": false,
                "overlayDismiss": false,
                "position": {
                  "height": 300,
                  "relativeLocation": "center",
                  "width": 300
                },
                "positionType": "relative",
                "resizable": true,
                "showCloseIcon": true,
                "title": "DAHJFKDSL",
                "type": "open",
                "viewParams": {
                  "TRUE": ""
                },
                "viewPath": "MAIN_SCADA",
                "viewportBound": false
              },
              "scope": "C",
              "type": "popup"
            }
          }
        },
        "meta": {
          "name": "BUT_STAG_19"
        },
        "position": {
          "height": 70,
          "rotate": {
            "anchor": "61% 50%"
          },
          "width": 152,
          "x": 132.5,
          "y": 683.5
        },
        "propConfig": {
          "props.style.backgroundColor": {
            "binding": {
              "config": {
                "fallbackDelay": 2.5,
                "mode": "direct",
                "tagPath": ""
              },
              "transforms": [
                {
                  "fallback": "#D5D5D5",
                  "inputType": "scalar",
                  "mappings": [
                    {
                      "input": true,
                      "output": "#91D0FF"
                    },
                    {
                      "input": false,
                      "output": "#FFBEB1"
                    }
                  ],
                  "outputType": "color",
                  "type": "map"
                }
              ],
              "type": "tag"
            }
          }
        },
        "props": {
          "text": "OUT"
        },
        "type": "ia.input.button"
      },
      {
        "events": {
          "dom": {
            "onClick": {
              "config": {
                "draggable": true,
                "id": "hSRNHnFF",
                "modal": false,
                "overlayDismiss": false,
                "position": {
                  "height": 300,
                  "relativeLocation": "center",
                  "width": 300
                },
                "positionType": "relative",
                "resizable": true,
                "showCloseIcon": true,
                "title": "DAHJFKDSL",
                "type": "open",
                "viewParams": {
                  "TRUE": ""
                },
                "viewPath": "MAIN_SCADA",
                "viewportBound": false
              },
              "scope": "C",
              "type": "popup"
            }
          }
        },
        "meta": {
          "name": "BUT_STAG_20"
        },
        "position": {
          "height": 70,
          "rotate": {
            "anchor": "61% 50%"
          },
          "width": 152,
          "x": 515.5,
          "y": 683
        },
        "propConfig": {
          "props.style.backgroundColor": {
            "binding": {
              "config": {
                "fallbackDelay": 2.5,
                "mode": "direct",
                "tagPath": ""
              },
              "transforms": [
                {
                  "fallback": "#D5D5D5",
                  "inputType": "scalar",
                  "mappings": [
                    {
                      "input": true,
                      "output": "#91D0FF"
                    },
                    {
                      "input": false,
                      "output": "#FFBEB1"
                    }
                  ],
                  "outputType": "color",
                  "type": "map"
                }
              ],
              "type": "tag"
            }
          }
        },
        "props": {
          "text": "STOP"
        },
        "type": "ia.input.button"
      },
      {
        "meta": {
          "name": "Alarma"
        },
        "position": {
          "height": 53,
          "width": 68,
          "x": 16,
          "y": 737
        },
        "propConfig": {
          "props.style.backgroundColor": {
            "binding": {
              "config": {
                "fallbackDelay": 2.5,
                "mode": "direct",
                "tagPath": ""
              },
              "transforms": [
                {
                  "fallback": "#D5D5D5",
                  "inputType": "scalar",
                  "mappings": [
                    {
                      "input": true,
                      "output": "#D97700"
                    },
                    {
                      "input": false,
                      "output": "#D5D5D5"
                    }
                  ],
                  "outputType": "color",
                  "type": "map"
                }
              ],
              "type": "tag"
            }
          }
        },
        "props": {
          "color": "#FFFFFCBD",
          "path": "material/insert_emoticon",
          "style": {
            "overflow": "hidden",
            "overflowX": "hidden",
            "overflowY": "hidden"
          }
        },
        "type": "ia.display.icon"
      },
      {
        "events": {
          "dom": {
            "onClick": {
              "config": {
                "params": {},
                "view": "SCADA_ALARMA"
              },
              "scope": "C",
              "type": "nav"
            }
          }
        },
        "meta": {
          "name": "Button_alarma"
        },
        "position": {
          "height": 44,
          "width": 100,
          "x": 411.50625,
          "y": 27
        },
        "props": {
          "image": {
            "height": 30,
            "width": 50
          },
          "text": "ALARMAS"
        },
        "type": "ia.input.button"
      },
      {
        "events": {
          "dom": {
            "onClick": {
              "config": {
                "params": {},
                "view": "MAIN_SCADA"
              },
              "scope": "C",
              "type": "nav"
            }
          }
        },
        "meta": {
          "name": "Button_main"
        },
        "position": {
          "height": 44,
          "rotate": {
            "anchor": "50% 25%"
          },
          "width": 100,
          "x": 36.50625000000002,
          "y": 27
        },
        "props": {
          "image": {
            "height": 30,
            "width": 50
          },
          "text": "MAIN"
        },
        "type": "ia.input.button"
      },
      {
        "events": {
          "dom": {
            "onClick": {
              "config": {
                "params": {},
                "view": "SCADA_SERVICIOS"
              },
              "scope": "C",
              "type": "nav"
            }
          }
        },
        "meta": {
          "name": "Button_servicios"
        },
        "position": {
          "height": 44,
          "rotate": {
            "anchor": "50% 25%"
          },
          "width": 100,
          "x": 161.50625000000002,
          "y": 27
        },
        "props": {
          "image": {
            "height": 30,
            "width": 50
          },
          "text": "SERVICIOS"
        },
        "type": "ia.input.button"
      },
      {
        "events": {
          "dom": {
            "onClick": {
              "config": {
                "params": {},
                "view": "SCADA_ALMACEN"
              },
              "scope": "C",
              "type": "nav"
            }
          }
        },
        "meta": {
          "name": "Button_almacen"
        },
        "position": {
          "height": 44,
          "width": 100,
          "x": 286.50625,
          "y": 27
        },
        "props": {
          "image": {
            "height": 30,
            "width": 50
          },
          "text": "ALMACEN"
        },
        "type": "ia.input.button"
      }
    ],
    "meta": {
      "name": "root"
    },
    "type": "ia.container.coord"
  }
}