{
  "custom": {},
  "params": {},
  "props": {},
  "root": {
    "children": [
      {
        "meta": {
          "name": "Label_0"
        },
        "position": {
          "height": 412,
          "width": 174,
          "x": 616,
          "y": 116
        },
        "props": {
          "style": {
            "backgroundColor": "#FFE8CC"
          }
        },
        "type": "ia.display.label"
      },
      {
        "events": {
          "dom": {
            "onClick": {
              "config": {
                "params": {},
                "view": "SCADA_ALARMA"
              },
              "scope": "C",
              "type": "nav"
            }
          }
        },
        "meta": {
          "name": "Button_alarma"
        },
        "position": {
          "height": 44,
          "width": 100,
          "x": 411.50625,
          "y": 27
        },
        "props": {
          "image": {
            "height": 30,
            "width": 50
          },
          "text": "ALARMAS"
        },
        "type": "ia.input.button"
      },
      {
        "events": {
          "dom": {
            "onClick": {
              "config": {
                "params": {},
                "view": "MAIN_SCADA"
              },
              "scope": "C",
              "type": "nav"
            }
          }
        },
        "meta": {
          "name": "Button_main"
        },
        "position": {
          "height": 44,
          "rotate": {
            "anchor": "50% 25%"
          },
          "width": 100,
          "x": 36.50625000000002,
          "y": 27
        },
        "props": {
          "image": {
            "height": 30,
            "width": 50
          },
          "text": "MAIN"
        },
        "type": "ia.input.button"
      },
      {
        "events": {
          "dom": {
            "onClick": {
              "config": {
                "params": {},
                "view": "SCADA_SERVICIOS"
              },
              "scope": "C",
              "type": "nav"
            }
          }
        },
        "meta": {
          "name": "Button_servicios"
        },
        "position": {
          "height": 44,
          "rotate": {
            "anchor": "50% 25%"
          },
          "width": 100,
          "x": 161.50625000000002,
          "y": 27
        },
        "props": {
          "image": {
            "height": 30,
            "width": 50
          },
          "text": "SERVICIOS"
        },
        "type": "ia.input.button"
      },
      {
        "events": {
          "dom": {
            "onClick": {
              "config": {
                "params": {},
                "view": "SCADA_ALMACEN"
              },
              "scope": "C",
              "type": "nav"
            }
          }
        },
        "meta": {
          "name": "Button_almacen"
        },
        "position": {
          "height": 44,
          "width": 100,
          "x": 286.50625,
          "y": 27
        },
        "props": {
          "image": {
            "height": 30,
            "width": 50
          },
          "text": "ALMACEN"
        },
        "type": "ia.input.button"
      },
      {
        "events": {
          "dom": {
            "onClick": {
              "config": {
                "params": {},
                "view": "SCADA_INFORME"
              },
              "scope": "C",
              "type": "nav"
            }
          }
        },
        "meta": {
          "name": "Button_alarma_0"
        },
        "position": {
          "height": 44,
          "width": 100,
          "x": 541,
          "y": 27
        },
        "props": {
          "image": {
            "height": 30,
            "width": 50
          },
          "text": "INFORME"
        },
        "type": "ia.input.button"
      },
      {
        "meta": {
          "name": "Label"
        },
        "position": {
          "height": 85,
          "width": 149,
          "x": 631,
          "y": 216
        },
        "props": {
          "text": "\n1. Equipo que debe ser mantenido\n"
        },
        "type": "ia.display.label"
      },
      {
        "meta": {
          "name": "Table"
        },
        "position": {
          "height": 678,
          "width": 561,
          "x": 36.5,
          "y": 116
        },
        "props": {
          "data": [
            {
              "Equipo": "Revision General",
              "Etapa": {
                "align": "center",
                "editable": false,
                "justify": "left",
                "style": {
                  "backgroundColor": "#F7901D",
                  "classes": "some-class"
                },
                "value": "Etapa 2"
              },
              "T_Mantenimiento": "00:00:00"
            },
            {
              "Equipo": "Maquina: Cortadora 2",
              "Etapa": "Etapa 0",
              "T_Mantenimiento": "00:20:34"
            },
            {
              "Equipo": "Maquina: Troqueladora",
              "Etapa": "Etapa 2",
              "T_Mantenimiento": "04:14:30"
            },
            {
              "Equipo": "Revision de Planta",
              "Etapa": "Planta",
              "T_Mantenimiento": "12:15:34"
            },
            {
              "Equipo": "Maquina: Troqueladora 2",
              "Etapa": "Etapa 0",
              "T_Mantenimiento": "19:18:55"
            },
            {
              "Equipo": "Maquina: Cortadora 1",
              "Etapa": "Etapa 3",
              "T_Mantenimiento": "24:15:34"
            },
            {
              "Equipo": "Maquina: Dobladora 2",
              "Etapa": "Etapa 5",
              "T_Mantenimiento": "26:15:39"
            },
            {
              "Equipo": "Revision General",
              "Etapa": "Etapa 1",
              "T_Mantenimiento": "28:03:12"
            },
            {
              "Equipo": "Maquina: Cortadora n",
              "Etapa": "Etapa n",
              "T_Mantenimiento": "28:06:18"
            },
            {
              "Equipo": "Maquina A",
              "Etapa": "Etapa n",
              "T_Mantenimiento": "35:05:34"
            },
            {
              "Equipo": "Maquina B",
              "Etapa": "Etapa n",
              "T_Mantenimiento": "38:09:34"
            },
            {
              "Equipo": "Maquina C",
              "Etapa": "Etapa n",
              "T_Mantenimiento": "41:05:23"
            },
            {
              "Equipo": "Maquina D",
              "Etapa": "Etapa n",
              "T_Mantenimiento": "44:19:52"
            },
            {
              "Equipo": "Revision General",
              "Etapa": "Etapa n",
              "T_Mantenimiento": "45:15:34"
            },
            {
              "Equipo": "Maquina E",
              "Etapa": "Etapa n",
              "T_Mantenimiento": "47:32:44"
            },
            {
              "Equipo": "Revisión de Planta",
              "Etapa": "Planta",
              "T_Mantenimiento": "50:15:52"
            },
            {
              "Equipo": "Maquina F",
              "Etapa": "Etapa n",
              "T_Mantenimiento": "66:15:33"
            },
            {
              "Equipo": "Maquina H",
              "Etapa": "Etapa n",
              "T_Mantenimiento": "69:04:20"
            }
          ]
        },
        "type": "ia.display.table"
      },
      {
        "meta": {
          "name": "Label_1"
        },
        "position": {
          "height": 85,
          "width": 149,
          "x": 631,
          "y": 316
        },
        "props": {
          "text": "2. Etapa al que el equipo pertenece\n"
        },
        "type": "ia.display.label"
      },
      {
        "meta": {
          "name": "Label_2"
        },
        "position": {
          "height": 85,
          "width": 149,
          "x": 631,
          "y": 416
        },
        "props": {
          "text": "3. Cuenta regresiva en dias, horas y minutos."
        },
        "type": "ia.display.label"
      },
      {
        "meta": {
          "name": "Label_3"
        },
        "position": {
          "height": 85,
          "width": 149,
          "x": 631,
          "y": 116
        },
        "props": {
          "text": "Leyenda de tabla de mantenimiento:\t\n"
        },
        "type": "ia.display.label"
      }
    ],
    "meta": {
      "name": "root"
    },
    "position": {
      "x": -7,
      "y": -6
    },
    "type": "ia.container.coord"
  }
}