{
  "custom": {},
  "params": {},
  "props": {},
  "root": {
    "children": [
      {
        "meta": {
          "name": "Label_35"
        },
        "position": {
          "height": 229,
          "rotate": {
            "anchor": "-44% -94%"
          },
          "width": 559,
          "x": 19.5,
          "y": 43.39
        },
        "props": {
          "style": {
            "backgroundColor": "#CCFFFF70"
          }
        },
        "type": "ia.display.label"
      },
      {
        "meta": {
          "name": "Label_34"
        },
        "position": {
          "height": 463,
          "rotate": {
            "anchor": "-44% -94%"
          },
          "width": 559,
          "x": 19.5,
          "y": 291.6
        },
        "props": {
          "style": {
            "backgroundColor": "#FFCCFF5E"
          }
        },
        "type": "ia.display.label"
      },
      {
        "meta": {
          "name": "MenuTree"
        },
        "position": {
          "height": 800,
          "width": 155,
          "x": 645
        },
        "props": {
          "items": [
            {
              "enabled": true,
              "items": [],
              "label": {
                "icon": {
                  "path": ""
                },
                "text": "Main"
              },
              "navIcon": {
                "color": "",
                "path": "material/chevron_right"
              },
              "showHeader": true,
              "style": {
                "classes": "",
                "padding": 10
              },
              "target": "/A",
              "visible": true
            },
            {
              "enabled": true,
              "items": [],
              "label": {
                "icon": {
                  "path": ""
                },
                "text": "Parámetros"
              },
              "navIcon": {
                "color": "",
                "path": "material/chevron_right"
              },
              "showHeader": true,
              "style": {
                "classes": "",
                "padding": 10
              },
              "target": "/new-page",
              "visible": true
            },
            {
              "enabled": true,
              "items": [],
              "label": {
                "icon": {
                  "path": ""
                },
                "text": "Alarmas"
              },
              "navIcon": {
                "color": "",
                "path": "material/chevron_right"
              },
              "showHeader": true,
              "style": {
                "classes": "",
                "padding": 10
              },
              "target": "/c",
              "visible": true
            }
          ],
          "layoutAlignment": "right"
        },
        "type": "ia.navigation.menutree"
      },
      {
        "events": {
          "dom": {
            "onClick": {
              "config": {
                "params": {},
                "view": "MAIN_SCADA"
              },
              "scope": "C",
              "type": "nav"
            }
          }
        },
        "meta": {
          "name": "Button_main"
        },
        "position": {
          "height": 44,
          "rotate": {
            "anchor": "50% 25%"
          },
          "width": 100,
          "x": 672.006,
          "y": 740
        },
        "props": {
          "image": {
            "height": 30,
            "width": 50
          },
          "text": "EXIT"
        },
        "type": "ia.input.button"
      },
      {
        "meta": {
          "name": "Label"
        },
        "position": {
          "height": 32,
          "width": 101,
          "x": 137.5,
          "y": 74.1
        },
        "props": {
          "text": "VALOR MÁX"
        },
        "type": "ia.display.label"
      },
      {
        "meta": {
          "name": "Thermometer"
        },
        "position": {
          "height": 215,
          "width": 102,
          "x": 19.5,
          "y": 53.1
        },
        "type": "ia.display.thermometer"
      },
      {
        "meta": {
          "name": "MovingAnalogIndicator"
        },
        "position": {
          "height": 223,
          "width": 71,
          "x": 35,
          "y": 291.8
        },
        "props": {
          "desiredHigh": 65,
          "desiredLow": 40,
          "highAlarm": 90,
          "highHighAlarm": null,
          "highInterlock": null,
          "lowAlarm": 10,
          "lowInterlock": null,
          "lowLowAlarm": null,
          "processValue": 70
        },
        "type": "ia.display.moving-analog-indicator"
      },
      {
        "meta": {
          "name": "TextArea"
        },
        "position": {
          "height": 58,
          "width": 123,
          "x": 126.5,
          "y": 131.6
        },
        "props": {
          "text": "Termperatura Ambiente"
        },
        "type": "ia.input.text-area"
      },
      {
        "meta": {
          "name": "Label_0"
        },
        "position": {
          "height": 32,
          "width": 101,
          "x": 137.5,
          "y": 217.6
        },
        "props": {
          "text": "VALOR MÍN"
        },
        "type": "ia.display.label"
      },
      {
        "meta": {
          "name": "Label_1"
        },
        "position": {
          "height": 32,
          "width": 101,
          "x": 137.5,
          "y": 466.6
        },
        "props": {
          "text": "VALOR MÍN"
        },
        "type": "ia.display.label"
      },
      {
        "meta": {
          "name": "TextArea_0"
        },
        "position": {
          "height": 60,
          "width": 123,
          "x": 126.5,
          "y": 383.6
        },
        "props": {
          "text": "Movimiento Cilindro A"
        },
        "type": "ia.input.text-area"
      },
      {
        "meta": {
          "name": "Label_2"
        },
        "position": {
          "height": 32,
          "width": 101,
          "x": 137.5,
          "y": 323.1
        },
        "props": {
          "text": "VALOR MÁX"
        },
        "type": "ia.display.label"
      },
      {
        "meta": {
          "name": "Label_3"
        },
        "position": {
          "height": 32,
          "width": 101,
          "x": 399.5,
          "y": 466.6
        },
        "props": {
          "text": "VALOR MÍN"
        },
        "type": "ia.display.label"
      },
      {
        "meta": {
          "name": "MovingAnalogIndicator_0"
        },
        "position": {
          "height": 223,
          "width": 71,
          "x": 297,
          "y": 291.8
        },
        "props": {
          "desiredHigh": 65,
          "desiredLow": 40,
          "highAlarm": 90,
          "highHighAlarm": null,
          "highInterlock": null,
          "lowAlarm": 10,
          "lowInterlock": null,
          "lowLowAlarm": null,
          "processValue": 43
        },
        "type": "ia.display.moving-analog-indicator"
      },
      {
        "meta": {
          "name": "Label_4"
        },
        "position": {
          "height": 32,
          "width": 101,
          "x": 399.5,
          "y": 323.1
        },
        "props": {
          "text": "VALOR MÁX"
        },
        "type": "ia.display.label"
      },
      {
        "meta": {
          "name": "Thermometer_0"
        },
        "position": {
          "height": 215,
          "width": 102,
          "x": 281.5,
          "y": 55.6
        },
        "props": {
          "value": 55
        },
        "type": "ia.display.thermometer"
      },
      {
        "meta": {
          "name": "Label_5"
        },
        "position": {
          "height": 32,
          "width": 101,
          "x": 399.5,
          "y": 217.6
        },
        "props": {
          "text": "VALOR MÍN"
        },
        "type": "ia.display.label"
      },
      {
        "meta": {
          "name": "TextArea_2"
        },
        "position": {
          "height": 57,
          "width": 123,
          "x": 388.5,
          "y": 134.6
        },
        "props": {
          "text": "Temperatura Husillo"
        },
        "type": "ia.input.text-area"
      },
      {
        "meta": {
          "name": "MovingAnalogIndicator_1"
        },
        "position": {
          "height": 223,
          "width": 71,
          "x": 297,
          "y": 521.6
        },
        "props": {
          "desiredHigh": 65,
          "desiredLow": 40,
          "highAlarm": 90,
          "highHighAlarm": null,
          "highInterlock": null,
          "lowAlarm": 10,
          "lowInterlock": null,
          "lowLowAlarm": null,
          "processValue": 59
        },
        "type": "ia.display.moving-analog-indicator"
      },
      {
        "meta": {
          "name": "Label_6"
        },
        "position": {
          "height": 32,
          "width": 101,
          "x": 137.5,
          "y": 694.1
        },
        "props": {
          "text": "VALOR MÍN"
        },
        "type": "ia.display.label"
      },
      {
        "meta": {
          "name": "Label_7"
        },
        "position": {
          "height": 32,
          "width": 101,
          "x": 399.5,
          "y": 694.1
        },
        "props": {
          "text": "VALOR MÍN"
        },
        "type": "ia.display.label"
      },
      {
        "meta": {
          "name": "TextArea_4"
        },
        "position": {
          "height": 58,
          "width": 123,
          "x": 388.5,
          "y": 604.1
        },
        "props": {
          "text": "Velocidad Husillo"
        },
        "type": "ia.input.text-area"
      },
      {
        "meta": {
          "name": "Label_8"
        },
        "position": {
          "height": 32,
          "width": 101,
          "x": 137.5,
          "y": 550.6
        },
        "props": {
          "text": "VALOR MÁX"
        },
        "type": "ia.display.label"
      },
      {
        "meta": {
          "name": "Label_9"
        },
        "position": {
          "height": 32,
          "width": 101,
          "x": 399.5,
          "y": 550.6
        },
        "props": {
          "text": "VALOR MÁX"
        },
        "type": "ia.display.label"
      },
      {
        "meta": {
          "name": "MovingAnalogIndicator_2"
        },
        "position": {
          "height": 223,
          "width": 71,
          "x": 35,
          "y": 521.6
        },
        "props": {
          "desiredHigh": 65,
          "desiredLow": 40,
          "highAlarm": 90,
          "highHighAlarm": null,
          "highInterlock": null,
          "lowAlarm": 10,
          "lowInterlock": null,
          "lowLowAlarm": null,
          "processValue": 45
        },
        "type": "ia.display.moving-analog-indicator"
      },
      {
        "events": {
          "dom": {
            "onClick": {
              "config": {
                "draggable": true,
                "id": "aI1GsS_R",
                "modal": false,
                "overlayDismiss": false,
                "resizable": true,
                "showCloseIcon": true,
                "type": "open",
                "viewPath": "VERIFICACION",
                "viewportBound": false
              },
              "scope": "C",
              "type": "popup"
            }
          }
        },
        "meta": {
          "name": "Button_alarma"
        },
        "position": {
          "height": 44,
          "width": 100,
          "x": 672.006,
          "y": 378
        },
        "props": {
          "image": {
            "height": 30,
            "width": 50
          },
          "text": "SERVICIOS"
        },
        "type": "ia.input.button"
      },
      {
        "meta": {
          "name": "Label_10"
        },
        "position": {
          "height": 32,
          "width": 101,
          "x": 399.5,
          "y": 74.1
        },
        "props": {
          "text": "VALOR MÁX"
        },
        "type": "ia.display.label"
      },
      {
        "meta": {
          "name": "TextArea_1"
        },
        "position": {
          "height": 60,
          "width": 123,
          "x": 388.5,
          "y": 383.6
        },
        "props": {
          "text": "Movimiento Cilindro B"
        },
        "type": "ia.input.text-area"
      },
      {
        "meta": {
          "name": "TextArea_3"
        },
        "position": {
          "height": 60,
          "width": 123,
          "x": 126,
          "y": 606.19375
        },
        "props": {
          "text": "Movimiento Cilindro C"
        },
        "type": "ia.input.text-area"
      }
    ],
    "meta": {
      "name": "root"
    },
    "type": "ia.container.coord"
  }
}