{
  "custom": {},
  "params": {},
  "props": {},
  "root": {
    "children": [
      {
        "meta": {
          "name": "Label_34"
        },
        "position": {
          "height": 612,
          "rotate": {
            "anchor": "-44% -94%"
          },
          "width": 559,
          "x": 42,
          "y": 94
        },
        "props": {
          "style": {
            "backgroundColor": "#D5D5D5"
          }
        },
        "type": "ia.display.label"
      },
      {
        "meta": {
          "name": "MenuTree"
        },
        "position": {
          "height": 800,
          "width": 155,
          "x": 645
        },
        "props": {
          "items": [
            {
              "enabled": true,
              "items": [],
              "label": {
                "icon": {
                  "path": ""
                },
                "text": "Main"
              },
              "navIcon": {
                "color": "",
                "path": "material/chevron_right"
              },
              "showHeader": true,
              "style": {
                "classes": "",
                "padding": 10
              },
              "target": "/A",
              "visible": true
            },
            {
              "enabled": true,
              "items": [],
              "label": {
                "icon": {
                  "path": ""
                },
                "text": "Parámetros"
              },
              "navIcon": {
                "color": "",
                "path": "material/chevron_right"
              },
              "showHeader": true,
              "style": {
                "classes": "",
                "padding": 10
              },
              "target": "/new-page",
              "visible": true
            },
            {
              "enabled": true,
              "items": [],
              "label": {
                "icon": {
                  "path": ""
                },
                "text": "Alarmas"
              },
              "navIcon": {
                "color": "",
                "path": "material/chevron_right"
              },
              "showHeader": true,
              "style": {
                "classes": "",
                "padding": 10
              },
              "target": "/c",
              "visible": true
            }
          ],
          "layoutAlignment": "right"
        },
        "type": "ia.navigation.menutree"
      },
      {
        "events": {
          "dom": {
            "onClick": {
              "config": {
                "draggable": true,
                "id": "jcW7Qq6Q",
                "modal": false,
                "overlayDismiss": false,
                "position": {
                  "height": 500,
                  "relativeLocation": "center",
                  "width": 500
                },
                "positionType": "relative",
                "resizable": true,
                "showCloseIcon": true,
                "type": "open",
                "viewPath": "DATA",
                "viewportBound": false
              },
              "scope": "C",
              "type": "popup"
            }
          }
        },
        "meta": {
          "name": "RadioGroup_8"
        },
        "position": {
          "height": 35,
          "width": 172,
          "x": 242.5,
          "y": 122.5
        },
        "propConfig": {
          "props.unselectedIcon.color.enabled": {
            "binding": {
              "config": {
                "fallbackDelay": 2.5,
                "mode": "direct",
                "tagPath": ""
              },
              "transforms": [
                {
                  "fallback": "#D5D5D5",
                  "inputType": "scalar",
                  "mappings": [
                    {
                      "input": true,
                      "output": "#47FFFF"
                    },
                    {
                      "input": false,
                      "output": "#FFFF47"
                    }
                  ],
                  "outputType": "color",
                  "type": "map"
                }
              ],
              "type": "tag"
            }
          }
        },
        "props": {
          "radios": [
            {
              "selected": true,
              "text": "Husillo Inactivo\n",
              "value": "Radio button"
            }
          ],
          "selectedIcon": {
            "color": {
              "enabled": "#FF8C00"
            }
          },
          "unselectedIcon": {
            "color": {}
          }
        },
        "type": "ia.input.radio-group"
      },
      {
        "events": {
          "dom": {
            "onClick": {
              "config": {
                "draggable": true,
                "id": "jcW7Qq6Q",
                "modal": false,
                "overlayDismiss": false,
                "position": {
                  "height": 500,
                  "relativeLocation": "center",
                  "width": 500
                },
                "positionType": "relative",
                "resizable": true,
                "showCloseIcon": true,
                "type": "open",
                "viewPath": "DATA",
                "viewportBound": false
              },
              "scope": "C",
              "type": "popup"
            }
          }
        },
        "meta": {
          "name": "RadioGroup_10"
        },
        "position": {
          "height": 35,
          "width": 170,
          "x": 242.5,
          "y": 187.5
        },
        "propConfig": {
          "props.unselectedIcon.color.enabled": {
            "binding": {
              "config": {
                "fallbackDelay": 2.5,
                "mode": "direct",
                "tagPath": ""
              },
              "transforms": [
                {
                  "fallback": "#D5D5D5",
                  "inputType": "scalar",
                  "mappings": [
                    {
                      "input": true,
                      "output": "#47FFFF"
                    },
                    {
                      "input": false,
                      "output": "#FFFF47"
                    }
                  ],
                  "outputType": "color",
                  "type": "map"
                }
              ],
              "type": "tag"
            }
          }
        },
        "props": {
          "radios": [
            {
              "selected": true,
              "text": "Sensor 1 Activo",
              "value": "Radio button"
            }
          ],
          "selectedIcon": {
            "color": {
              "enabled": "#FF8C00"
            }
          },
          "unselectedIcon": {
            "color": {}
          }
        },
        "type": "ia.input.radio-group"
      },
      {
        "events": {
          "dom": {
            "onClick": {
              "config": {
                "draggable": true,
                "id": "jcW7Qq6Q",
                "modal": false,
                "overlayDismiss": false,
                "position": {
                  "height": 500,
                  "relativeLocation": "center",
                  "width": 500
                },
                "positionType": "relative",
                "resizable": true,
                "showCloseIcon": true,
                "type": "open",
                "viewPath": "DATA",
                "viewportBound": false
              },
              "scope": "C",
              "type": "popup"
            }
          }
        },
        "meta": {
          "name": "RadioGroup_9"
        },
        "position": {
          "height": 35,
          "width": 184,
          "x": 242.5,
          "y": 252.5
        },
        "propConfig": {
          "props.unselectedIcon.color.enabled": {
            "binding": {
              "config": {
                "fallbackDelay": 2.5,
                "mode": "direct",
                "tagPath": ""
              },
              "transforms": [
                {
                  "fallback": "#D5D5D5",
                  "inputType": "scalar",
                  "mappings": [
                    {
                      "input": true,
                      "output": "#47FFFF"
                    },
                    {
                      "input": false,
                      "output": "#FFFF47"
                    }
                  ],
                  "outputType": "color",
                  "type": "map"
                }
              ],
              "type": "tag"
            }
          }
        },
        "props": {
          "radios": [
            {
              "selected": true,
              "text": "Sensor 1 Inactivo",
              "value": "Radio button"
            }
          ],
          "selectedIcon": {
            "color": {
              "enabled": "#0000FF"
            }
          },
          "unselectedIcon": {
            "color": {}
          }
        },
        "type": "ia.input.radio-group"
      },
      {
        "events": {
          "dom": {
            "onClick": {
              "config": {
                "draggable": true,
                "id": "jcW7Qq6Q",
                "modal": false,
                "overlayDismiss": false,
                "position": {
                  "height": 500,
                  "width": 500
                },
                "positionType": "exact",
                "resizable": true,
                "showCloseIcon": true,
                "type": "open",
                "viewPath": "DATA",
                "viewportBound": false
              },
              "scope": "C",
              "type": "popup"
            }
          }
        },
        "meta": {
          "name": "RadioGroup_14"
        },
        "position": {
          "height": 35,
          "width": 172,
          "x": 242.5,
          "y": 317.5
        },
        "propConfig": {
          "props.unselectedIcon.color.enabled": {
            "binding": {
              "config": {
                "fallbackDelay": 2.5,
                "mode": "direct",
                "tagPath": ""
              },
              "transforms": [
                {
                  "fallback": "#D5D5D5",
                  "inputType": "scalar",
                  "mappings": [
                    {
                      "input": true,
                      "output": "#47FFFF"
                    },
                    {
                      "input": false,
                      "output": "#FFFF47"
                    }
                  ],
                  "outputType": "color",
                  "type": "map"
                }
              ],
              "type": "tag"
            }
          }
        },
        "props": {
          "radios": [
            {
              "selected": true,
              "text": "Sensor 2 Activo",
              "value": "Sensor 2 Activo"
            }
          ],
          "selectedIcon": {
            "color": {
              "enabled": "#0000FF"
            }
          },
          "unselectedIcon": {
            "color": {}
          },
          "value": "Sensor 2 Activo"
        },
        "type": "ia.input.radio-group"
      },
      {
        "events": {
          "dom": {
            "onClick": {
              "config": {
                "draggable": true,
                "id": "jcW7Qq6Q",
                "modal": false,
                "overlayDismiss": false,
                "position": {
                  "height": 500,
                  "relativeLocation": "center",
                  "width": 500
                },
                "positionType": "relative",
                "resizable": true,
                "showCloseIcon": true,
                "type": "open",
                "viewPath": "DATA",
                "viewportBound": false
              },
              "scope": "C",
              "type": "popup"
            }
          }
        },
        "meta": {
          "name": "RadioGroup_13"
        },
        "position": {
          "height": 35,
          "width": 185,
          "x": 242.5,
          "y": 382.5
        },
        "propConfig": {
          "props.unselectedIcon.color.enabled": {
            "binding": {
              "config": {
                "fallbackDelay": 2.5,
                "mode": "direct",
                "tagPath": ""
              },
              "transforms": [
                {
                  "fallback": "#D5D5D5",
                  "inputType": "scalar",
                  "mappings": [
                    {
                      "input": true,
                      "output": "#47FFFF"
                    },
                    {
                      "input": false,
                      "output": "#FFFF47"
                    }
                  ],
                  "outputType": "color",
                  "type": "map"
                }
              ],
              "type": "tag"
            }
          }
        },
        "props": {
          "radios": [
            {
              "selected": true,
              "text": "Sensor 2 Inactivo",
              "value": "Radio button"
            }
          ],
          "selectedIcon": {
            "color": {
              "enabled": "#FF8C00"
            }
          },
          "unselectedIcon": {
            "color": {}
          }
        },
        "type": "ia.input.radio-group"
      },
      {
        "events": {
          "dom": {
            "onClick": {
              "config": {
                "draggable": true,
                "id": "jcW7Qq6Q",
                "modal": false,
                "overlayDismiss": false,
                "position": {
                  "height": 500,
                  "relativeLocation": "center",
                  "width": 500
                },
                "positionType": "relative",
                "resizable": true,
                "showCloseIcon": true,
                "type": "open",
                "viewPath": "DATA",
                "viewportBound": false
              },
              "scope": "C",
              "type": "popup"
            }
          }
        },
        "meta": {
          "name": "puerta"
        },
        "position": {
          "height": 35,
          "width": 164,
          "x": 36.5,
          "y": 122.5
        },
        "propConfig": {
          "props.unselectedIcon.color.enabled": {
            "binding": {
              "config": {
                "fallbackDelay": 2.5,
                "mode": "direct",
                "tagPath": ""
              },
              "transforms": [
                {
                  "fallback": "#D5D5D5",
                  "inputType": "scalar",
                  "mappings": [
                    {
                      "input": true,
                      "output": "#47FFFF"
                    },
                    {
                      "input": false,
                      "output": "#FFFF47"
                    }
                  ],
                  "outputType": "color",
                  "type": "map"
                }
              ],
              "type": "tag"
            }
          }
        },
        "props": {
          "orientation": "column",
          "radios": [
            {
              "selected": true,
              "text": "Puerta Abierta",
              "value": "Puerta Abierta"
            }
          ],
          "selectedIcon": {
            "color": {
              "enabled": "#0000FF"
            }
          },
          "unselectedIcon": {
            "color": {}
          },
          "value": "Puerta Abierta"
        },
        "type": "ia.input.radio-group"
      },
      {
        "events": {
          "dom": {
            "onClick": {
              "config": {
                "draggable": true,
                "id": "jcW7Qq6Q",
                "modal": false,
                "overlayDismiss": false,
                "position": {
                  "height": 500,
                  "relativeLocation": "center",
                  "width": 500
                },
                "positionType": "relative",
                "resizable": true,
                "showCloseIcon": true,
                "type": "open",
                "viewPath": "DATA",
                "viewportBound": false
              },
              "scope": "C",
              "type": "popup"
            }
          }
        },
        "meta": {
          "name": "RadioGroup_1"
        },
        "position": {
          "height": 35,
          "width": 179,
          "x": 36.5,
          "y": 187.5
        },
        "propConfig": {
          "props.unselectedIcon.color.enabled": {
            "binding": {
              "config": {
                "fallbackDelay": 2.5,
                "mode": "direct",
                "tagPath": ""
              },
              "transforms": [
                {
                  "fallback": "#D5D5D5",
                  "inputType": "scalar",
                  "mappings": [
                    {
                      "input": true,
                      "output": "#47FFFF"
                    },
                    {
                      "input": false,
                      "output": "#FFFF47"
                    }
                  ],
                  "outputType": "color",
                  "type": "map"
                }
              ],
              "type": "tag"
            }
          }
        },
        "props": {
          "radios": [
            {
              "selected": true,
              "text": "Puerta Cerrada\n\n",
              "value": "Radio button"
            }
          ],
          "selectedIcon": {
            "color": {
              "enabled": "#FF8C00"
            }
          },
          "unselectedIcon": {
            "color": {}
          }
        },
        "type": "ia.input.radio-group"
      },
      {
        "events": {
          "dom": {
            "onClick": {
              "config": {
                "draggable": true,
                "id": "jcW7Qq6Q",
                "modal": false,
                "overlayDismiss": false,
                "position": {
                  "height": 500,
                  "relativeLocation": "center",
                  "width": 500
                },
                "positionType": "relative",
                "resizable": true,
                "showCloseIcon": true,
                "type": "open",
                "viewPath": "DATA",
                "viewportBound": false
              },
              "scope": "C",
              "type": "popup"
            }
          }
        },
        "meta": {
          "name": "RadioGroup_2"
        },
        "position": {
          "height": 35,
          "width": 155,
          "x": 36.5,
          "y": 252.5
        },
        "propConfig": {
          "props.unselectedIcon.color.enabled": {
            "binding": {
              "config": {
                "fallbackDelay": 2.5,
                "mode": "direct",
                "tagPath": ""
              },
              "transforms": [
                {
                  "fallback": "#D5D5D5",
                  "inputType": "scalar",
                  "mappings": [
                    {
                      "input": true,
                      "output": "#47FFFF"
                    },
                    {
                      "input": false,
                      "output": "#FFFF47"
                    }
                  ],
                  "outputType": "color",
                  "type": "map"
                }
              ],
              "type": "tag"
            }
          }
        },
        "props": {
          "radios": [
            {
              "selected": true,
              "text": "FC 1A Activo",
              "value": "Radio button"
            }
          ],
          "selectedIcon": {
            "color": {
              "enabled": "#0000FF"
            }
          },
          "unselectedIcon": {
            "color": {}
          }
        },
        "type": "ia.input.radio-group"
      },
      {
        "events": {
          "dom": {
            "onClick": {
              "config": {
                "draggable": true,
                "id": "jcW7Qq6Q",
                "modal": false,
                "overlayDismiss": false,
                "position": {
                  "height": 500,
                  "relativeLocation": "center",
                  "width": 500
                },
                "positionType": "relative",
                "resizable": true,
                "showCloseIcon": true,
                "type": "open",
                "viewPath": "DATA",
                "viewportBound": false
              },
              "scope": "C",
              "type": "popup"
            }
          }
        },
        "meta": {
          "name": "RadioGroup_5"
        },
        "position": {
          "height": 35,
          "width": 155,
          "x": 36.5,
          "y": 317.5
        },
        "propConfig": {
          "props.unselectedIcon.color.enabled": {
            "binding": {
              "config": {
                "fallbackDelay": 2.5,
                "mode": "direct",
                "tagPath": ""
              },
              "transforms": [
                {
                  "fallback": "#D5D5D5",
                  "inputType": "scalar",
                  "mappings": [
                    {
                      "input": true,
                      "output": "#47FFFF"
                    },
                    {
                      "input": false,
                      "output": "#FFFF47"
                    }
                  ],
                  "outputType": "color",
                  "type": "map"
                }
              ],
              "type": "tag"
            }
          }
        },
        "props": {
          "radios": [
            {
              "selected": true,
              "text": "FC 1B Activo\n",
              "value": "Radio button"
            }
          ],
          "selectedIcon": {
            "color": {
              "enabled": "#FF8C00"
            }
          },
          "unselectedIcon": {
            "color": {}
          }
        },
        "type": "ia.input.radio-group"
      },
      {
        "events": {
          "dom": {
            "onClick": {
              "config": {
                "draggable": true,
                "id": "jcW7Qq6Q",
                "modal": false,
                "overlayDismiss": false,
                "position": {
                  "height": 500,
                  "relativeLocation": "center",
                  "width": 500
                },
                "positionType": "relative",
                "resizable": true,
                "showCloseIcon": true,
                "type": "open",
                "viewPath": "DATA",
                "viewportBound": false
              },
              "scope": "C",
              "type": "popup"
            }
          }
        },
        "meta": {
          "name": "RadioGroup_23"
        },
        "position": {
          "height": 35,
          "width": 160,
          "x": 36.5,
          "y": 642.5
        },
        "propConfig": {
          "props.unselectedIcon.color.enabled": {
            "binding": {
              "config": {
                "fallbackDelay": 2.5,
                "mode": "direct",
                "tagPath": ""
              },
              "transforms": [
                {
                  "fallback": "#D5D5D5",
                  "inputType": "scalar",
                  "mappings": [
                    {
                      "input": true,
                      "output": "#47FFFF"
                    },
                    {
                      "input": false,
                      "output": "#FFFF47"
                    }
                  ],
                  "outputType": "color",
                  "type": "map"
                }
              ],
              "type": "tag"
            }
          }
        },
        "props": {
          "radios": [
            {
              "selected": true,
              "text": "Husillo Activo",
              "value": "Radio button"
            }
          ],
          "selectedIcon": {
            "color": {
              "enabled": "#0000FF"
            }
          },
          "unselectedIcon": {
            "color": {}
          }
        },
        "type": "ia.input.radio-group"
      },
      {
        "events": {
          "dom": {
            "onClick": {
              "config": {
                "params": {},
                "view": "MAIN_SCADA"
              },
              "scope": "C",
              "type": "nav"
            }
          }
        },
        "meta": {
          "name": "Button_main"
        },
        "position": {
          "height": 44,
          "rotate": {
            "anchor": "50% 25%"
          },
          "width": 100,
          "x": 672.006,
          "y": 740
        },
        "props": {
          "image": {
            "height": 30,
            "width": 50
          },
          "text": "EXIT"
        },
        "type": "ia.input.button"
      },
      {
        "events": {
          "dom": {
            "onClick": {
              "config": {
                "draggable": true,
                "id": "aI1GsS_R",
                "modal": false,
                "overlayDismiss": false,
                "resizable": true,
                "showCloseIcon": true,
                "type": "open",
                "viewPath": "VERIFICACION",
                "viewportBound": false
              },
              "scope": "C",
              "type": "popup"
            }
          }
        },
        "meta": {
          "name": "Button_alarma_0"
        },
        "position": {
          "height": 44,
          "width": 100,
          "x": 672.006,
          "y": 378
        },
        "props": {
          "image": {
            "height": 30,
            "width": 50
          },
          "text": "SERVICIOS"
        },
        "type": "ia.input.button"
      },
      {
        "events": {
          "dom": {
            "onClick": {
              "config": {
                "draggable": true,
                "id": "jcW7Qq6Q",
                "modal": false,
                "overlayDismiss": false,
                "position": {
                  "height": 500,
                  "relativeLocation": "center",
                  "width": 500
                },
                "positionType": "relative",
                "resizable": true,
                "showCloseIcon": true,
                "type": "open",
                "viewPath": "DATA",
                "viewportBound": false
              },
              "scope": "C",
              "type": "popup"
            }
          }
        },
        "meta": {
          "name": "RadioGroup_6"
        },
        "position": {
          "height": 35,
          "rotate": {
            "anchor": "50% 36%"
          },
          "width": 155,
          "x": 36.5,
          "y": 382
        },
        "propConfig": {
          "props.unselectedIcon.color.enabled": {
            "binding": {
              "config": {
                "fallbackDelay": 2.5,
                "mode": "direct",
                "tagPath": ""
              },
              "transforms": [
                {
                  "fallback": "#D5D5D5",
                  "inputType": "scalar",
                  "mappings": [
                    {
                      "input": true,
                      "output": "#47FFFF"
                    },
                    {
                      "input": false,
                      "output": "#FFFF47"
                    }
                  ],
                  "outputType": "color",
                  "type": "map"
                }
              ],
              "type": "tag"
            }
          }
        },
        "props": {
          "radios": [
            {
              "selected": true,
              "text": "FC 2A Activo\n",
              "value": "Radio button"
            }
          ],
          "selectedIcon": {
            "color": {
              "enabled": "#FF8C00"
            }
          },
          "unselectedIcon": {
            "color": {}
          }
        },
        "type": "ia.input.radio-group"
      },
      {
        "events": {
          "dom": {
            "onClick": {
              "config": {
                "draggable": true,
                "id": "jcW7Qq6Q",
                "modal": false,
                "overlayDismiss": false,
                "position": {
                  "height": 500,
                  "relativeLocation": "center",
                  "width": 500
                },
                "positionType": "relative",
                "resizable": true,
                "showCloseIcon": true,
                "type": "open",
                "viewPath": "DATA",
                "viewportBound": false
              },
              "scope": "C",
              "type": "popup"
            }
          }
        },
        "meta": {
          "name": "RadioGroup_3"
        },
        "position": {
          "height": 35,
          "width": 155,
          "x": 36.5,
          "y": 447
        },
        "propConfig": {
          "props.unselectedIcon.color.enabled": {
            "binding": {
              "config": {
                "fallbackDelay": 2.5,
                "mode": "direct",
                "tagPath": ""
              },
              "transforms": [
                {
                  "fallback": "#D5D5D5",
                  "inputType": "scalar",
                  "mappings": [
                    {
                      "input": true,
                      "output": "#47FFFF"
                    },
                    {
                      "input": false,
                      "output": "#FFFF47"
                    }
                  ],
                  "outputType": "color",
                  "type": "map"
                }
              ],
              "type": "tag"
            }
          }
        },
        "props": {
          "radios": [
            {
              "selected": true,
              "text": "FC 2B Activo",
              "value": "Radio button"
            }
          ],
          "selectedIcon": {
            "color": {
              "enabled": "#0000FF"
            }
          },
          "unselectedIcon": {
            "color": {}
          }
        },
        "type": "ia.input.radio-group"
      },
      {
        "events": {
          "dom": {
            "onClick": {
              "config": {
                "draggable": true,
                "id": "jcW7Qq6Q",
                "modal": false,
                "overlayDismiss": false,
                "position": {
                  "height": 500,
                  "relativeLocation": "center",
                  "width": 500
                },
                "positionType": "relative",
                "resizable": true,
                "showCloseIcon": true,
                "type": "open",
                "viewPath": "DATA",
                "viewportBound": false
              },
              "scope": "C",
              "type": "popup"
            }
          }
        },
        "meta": {
          "name": "RadioGroup_4"
        },
        "position": {
          "height": 35,
          "width": 155,
          "x": 36.5,
          "y": 512.5
        },
        "propConfig": {
          "props.unselectedIcon.color.enabled": {
            "binding": {
              "config": {
                "fallbackDelay": 2.5,
                "mode": "direct",
                "tagPath": ""
              },
              "transforms": [
                {
                  "fallback": "#D5D5D5",
                  "inputType": "scalar",
                  "mappings": [
                    {
                      "input": true,
                      "output": "#47FFFF"
                    },
                    {
                      "input": false,
                      "output": "#FFFF47"
                    }
                  ],
                  "outputType": "color",
                  "type": "map"
                }
              ],
              "type": "tag"
            }
          }
        },
        "props": {
          "radios": [
            {
              "selected": true,
              "text": "FC 3A Activo",
              "value": "Radio button"
            }
          ],
          "selectedIcon": {
            "color": {
              "enabled": "#0000FF"
            }
          },
          "unselectedIcon": {
            "color": {}
          }
        },
        "type": "ia.input.radio-group"
      },
      {
        "events": {
          "dom": {
            "onClick": {
              "config": {
                "draggable": true,
                "id": "jcW7Qq6Q",
                "modal": false,
                "overlayDismiss": false,
                "position": {
                  "height": 500,
                  "relativeLocation": "center",
                  "width": 500
                },
                "positionType": "relative",
                "resizable": true,
                "showCloseIcon": true,
                "type": "open",
                "viewPath": "DATA",
                "viewportBound": false
              },
              "scope": "C",
              "type": "popup"
            }
          }
        },
        "meta": {
          "name": "RadioGroup_7"
        },
        "position": {
          "height": 35,
          "rotate": {
            "anchor": "50% 36%"
          },
          "width": 155,
          "x": 36.5,
          "y": 577.5
        },
        "propConfig": {
          "props.unselectedIcon.color.enabled": {
            "binding": {
              "config": {
                "fallbackDelay": 2.5,
                "mode": "direct",
                "tagPath": ""
              },
              "transforms": [
                {
                  "fallback": "#D5D5D5",
                  "inputType": "scalar",
                  "mappings": [
                    {
                      "input": true,
                      "output": "#47FFFF"
                    },
                    {
                      "input": false,
                      "output": "#FFFF47"
                    }
                  ],
                  "outputType": "color",
                  "type": "map"
                }
              ],
              "type": "tag"
            }
          }
        },
        "props": {
          "radios": [
            {
              "selected": true,
              "text": "FC 3B Activo\n",
              "value": "Radio button"
            }
          ],
          "selectedIcon": {
            "color": {
              "enabled": "#FF8C00"
            }
          },
          "unselectedIcon": {
            "color": {}
          }
        },
        "type": "ia.input.radio-group"
      },
      {
        "events": {
          "dom": {
            "onClick": {
              "config": {
                "draggable": true,
                "id": "jcW7Qq6Q",
                "modal": false,
                "overlayDismiss": false,
                "position": {
                  "height": 500,
                  "relativeLocation": "center",
                  "width": 500
                },
                "positionType": "relative",
                "resizable": true,
                "showCloseIcon": true,
                "type": "open",
                "viewPath": "DATA",
                "viewportBound": false
              },
              "scope": "C",
              "type": "popup"
            }
          }
        },
        "meta": {
          "name": "RadioGroup_25"
        },
        "position": {
          "height": 35,
          "width": 160,
          "x": 443.5,
          "y": 642.5
        },
        "propConfig": {
          "props.unselectedIcon.color.enabled": {
            "binding": {
              "config": {
                "fallbackDelay": 2.5,
                "mode": "direct",
                "tagPath": ""
              },
              "transforms": [
                {
                  "fallback": "#D5D5D5",
                  "inputType": "scalar",
                  "mappings": [
                    {
                      "input": true,
                      "output": "#47FFFF"
                    },
                    {
                      "input": false,
                      "output": "#FFFF47"
                    }
                  ],
                  "outputType": "color",
                  "type": "map"
                }
              ],
              "type": "tag"
            }
          }
        },
        "props": {
          "radios": [
            {
              "selected": true,
              "text": "Husillo Activo",
              "value": "Radio button"
            }
          ],
          "selectedIcon": {
            "color": {
              "enabled": "#0000FF"
            }
          },
          "unselectedIcon": {
            "color": {}
          }
        },
        "type": "ia.input.radio-group"
      },
      {
        "events": {
          "dom": {
            "onClick": {
              "config": {
                "draggable": true,
                "id": "jcW7Qq6Q",
                "modal": false,
                "overlayDismiss": false,
                "position": {
                  "height": 500,
                  "relativeLocation": "center",
                  "width": 500
                },
                "positionType": "relative",
                "resizable": true,
                "showCloseIcon": true,
                "type": "open",
                "viewPath": "DATA",
                "viewportBound": false
              },
              "scope": "C",
              "type": "popup"
            }
          }
        },
        "meta": {
          "name": "RadioGroup_15"
        },
        "position": {
          "height": 35,
          "rotate": {
            "anchor": "50% 36%"
          },
          "width": 155,
          "x": 443.5,
          "y": 577.5
        },
        "propConfig": {
          "props.unselectedIcon.color.enabled": {
            "binding": {
              "config": {
                "fallbackDelay": 2.5,
                "mode": "direct",
                "tagPath": ""
              },
              "transforms": [
                {
                  "fallback": "#D5D5D5",
                  "inputType": "scalar",
                  "mappings": [
                    {
                      "input": true,
                      "output": "#47FFFF"
                    },
                    {
                      "input": false,
                      "output": "#FFFF47"
                    }
                  ],
                  "outputType": "color",
                  "type": "map"
                }
              ],
              "type": "tag"
            }
          }
        },
        "props": {
          "radios": [
            {
              "selected": true,
              "text": "FC 3B Activo\n",
              "value": "Radio button"
            }
          ],
          "selectedIcon": {
            "color": {
              "enabled": "#FF8C00"
            }
          },
          "unselectedIcon": {
            "color": {}
          }
        },
        "type": "ia.input.radio-group"
      },
      {
        "events": {
          "dom": {
            "onClick": {
              "config": {
                "draggable": true,
                "id": "jcW7Qq6Q",
                "modal": false,
                "overlayDismiss": false,
                "position": {
                  "height": 500,
                  "relativeLocation": "center",
                  "width": 500
                },
                "positionType": "relative",
                "resizable": true,
                "showCloseIcon": true,
                "type": "open",
                "viewPath": "DATA",
                "viewportBound": false
              },
              "scope": "C",
              "type": "popup"
            }
          }
        },
        "meta": {
          "name": "RadioGroup_16"
        },
        "position": {
          "height": 35,
          "width": 155,
          "x": 443.5,
          "y": 447.5
        },
        "propConfig": {
          "props.unselectedIcon.color.enabled": {
            "binding": {
              "config": {
                "fallbackDelay": 2.5,
                "mode": "direct",
                "tagPath": ""
              },
              "transforms": [
                {
                  "fallback": "#D5D5D5",
                  "inputType": "scalar",
                  "mappings": [
                    {
                      "input": true,
                      "output": "#47FFFF"
                    },
                    {
                      "input": false,
                      "output": "#FFFF47"
                    }
                  ],
                  "outputType": "color",
                  "type": "map"
                }
              ],
              "type": "tag"
            }
          }
        },
        "props": {
          "radios": [
            {
              "selected": true,
              "text": "FC 2B Activo",
              "value": "Radio button"
            }
          ],
          "selectedIcon": {
            "color": {
              "enabled": "#0000FF"
            }
          },
          "unselectedIcon": {
            "color": {}
          }
        },
        "type": "ia.input.radio-group"
      },
      {
        "events": {
          "dom": {
            "onClick": {
              "config": {
                "draggable": true,
                "id": "jcW7Qq6Q",
                "modal": false,
                "overlayDismiss": false,
                "position": {
                  "height": 500,
                  "relativeLocation": "center",
                  "width": 500
                },
                "positionType": "relative",
                "resizable": true,
                "showCloseIcon": true,
                "type": "open",
                "viewPath": "DATA",
                "viewportBound": false
              },
              "scope": "C",
              "type": "popup"
            }
          }
        },
        "meta": {
          "name": "RadioGroup_17"
        },
        "position": {
          "height": 35,
          "width": 155,
          "x": 443.5,
          "y": 512.5
        },
        "propConfig": {
          "props.unselectedIcon.color.enabled": {
            "binding": {
              "config": {
                "fallbackDelay": 2.5,
                "mode": "direct",
                "tagPath": ""
              },
              "transforms": [
                {
                  "fallback": "#D5D5D5",
                  "inputType": "scalar",
                  "mappings": [
                    {
                      "input": true,
                      "output": "#47FFFF"
                    },
                    {
                      "input": false,
                      "output": "#FFFF47"
                    }
                  ],
                  "outputType": "color",
                  "type": "map"
                }
              ],
              "type": "tag"
            }
          }
        },
        "props": {
          "radios": [
            {
              "selected": true,
              "text": "FC 3A Activo",
              "value": "Radio button"
            }
          ],
          "selectedIcon": {
            "color": {
              "enabled": "#0000FF"
            }
          },
          "unselectedIcon": {
            "color": {}
          }
        },
        "type": "ia.input.radio-group"
      },
      {
        "events": {
          "dom": {
            "onClick": {
              "config": {
                "draggable": true,
                "id": "jcW7Qq6Q",
                "modal": false,
                "overlayDismiss": false,
                "position": {
                  "height": 500,
                  "relativeLocation": "center",
                  "width": 500
                },
                "positionType": "relative",
                "resizable": true,
                "showCloseIcon": true,
                "type": "open",
                "viewPath": "DATA",
                "viewportBound": false
              },
              "scope": "C",
              "type": "popup"
            }
          }
        },
        "meta": {
          "name": "RadioGroup_18"
        },
        "position": {
          "height": 35,
          "width": 155,
          "x": 443.5,
          "y": 317.5
        },
        "propConfig": {
          "props.unselectedIcon.color.enabled": {
            "binding": {
              "config": {
                "fallbackDelay": 2.5,
                "mode": "direct",
                "tagPath": ""
              },
              "transforms": [
                {
                  "fallback": "#D5D5D5",
                  "inputType": "scalar",
                  "mappings": [
                    {
                      "input": true,
                      "output": "#47FFFF"
                    },
                    {
                      "input": false,
                      "output": "#FFFF47"
                    }
                  ],
                  "outputType": "color",
                  "type": "map"
                }
              ],
              "type": "tag"
            }
          }
        },
        "props": {
          "radios": [
            {
              "selected": true,
              "text": "FC 1B Activo\n",
              "value": "Radio button"
            }
          ],
          "selectedIcon": {
            "color": {
              "enabled": "#FF8C00"
            }
          },
          "unselectedIcon": {
            "color": {}
          }
        },
        "type": "ia.input.radio-group"
      },
      {
        "events": {
          "dom": {
            "onClick": {
              "config": {
                "draggable": true,
                "id": "jcW7Qq6Q",
                "modal": false,
                "overlayDismiss": false,
                "position": {
                  "height": 500,
                  "relativeLocation": "center",
                  "width": 500
                },
                "positionType": "relative",
                "resizable": true,
                "showCloseIcon": true,
                "type": "open",
                "viewPath": "DATA",
                "viewportBound": false
              },
              "scope": "C",
              "type": "popup"
            }
          }
        },
        "meta": {
          "name": "RadioGroup_19"
        },
        "position": {
          "height": 35,
          "rotate": {
            "anchor": "50% 36%"
          },
          "width": 155,
          "x": 443.5,
          "y": 382
        },
        "propConfig": {
          "props.unselectedIcon.color.enabled": {
            "binding": {
              "config": {
                "fallbackDelay": 2.5,
                "mode": "direct",
                "tagPath": ""
              },
              "transforms": [
                {
                  "fallback": "#D5D5D5",
                  "inputType": "scalar",
                  "mappings": [
                    {
                      "input": true,
                      "output": "#47FFFF"
                    },
                    {
                      "input": false,
                      "output": "#FFFF47"
                    }
                  ],
                  "outputType": "color",
                  "type": "map"
                }
              ],
              "type": "tag"
            }
          }
        },
        "props": {
          "radios": [
            {
              "selected": true,
              "text": "FC 2A Activo\n",
              "value": "Radio button"
            }
          ],
          "selectedIcon": {
            "color": {
              "enabled": "#FF8C00"
            }
          },
          "unselectedIcon": {
            "color": {}
          }
        },
        "type": "ia.input.radio-group"
      },
      {
        "events": {
          "dom": {
            "onClick": {
              "config": {
                "draggable": true,
                "id": "jcW7Qq6Q",
                "modal": false,
                "overlayDismiss": false,
                "position": {
                  "height": 500,
                  "relativeLocation": "center",
                  "width": 500
                },
                "positionType": "relative",
                "resizable": true,
                "showCloseIcon": true,
                "type": "open",
                "viewPath": "DATA",
                "viewportBound": false
              },
              "scope": "C",
              "type": "popup"
            }
          }
        },
        "meta": {
          "name": "RadioGroup_20"
        },
        "position": {
          "height": 35,
          "width": 155,
          "x": 443.5,
          "y": 252.5
        },
        "propConfig": {
          "props.unselectedIcon.color.enabled": {
            "binding": {
              "config": {
                "fallbackDelay": 2.5,
                "mode": "direct",
                "tagPath": ""
              },
              "transforms": [
                {
                  "fallback": "#D5D5D5",
                  "inputType": "scalar",
                  "mappings": [
                    {
                      "input": true,
                      "output": "#47FFFF"
                    },
                    {
                      "input": false,
                      "output": "#FFFF47"
                    }
                  ],
                  "outputType": "color",
                  "type": "map"
                }
              ],
              "type": "tag"
            }
          }
        },
        "props": {
          "radios": [
            {
              "selected": true,
              "text": "FC 1A Activo",
              "value": "Radio button"
            }
          ],
          "selectedIcon": {
            "color": {
              "enabled": "#0000FF"
            }
          },
          "unselectedIcon": {
            "color": {}
          }
        },
        "type": "ia.input.radio-group"
      },
      {
        "events": {
          "dom": {
            "onClick": {
              "config": {
                "draggable": true,
                "id": "jcW7Qq6Q",
                "modal": false,
                "overlayDismiss": false,
                "position": {
                  "height": 500,
                  "relativeLocation": "center",
                  "width": 500
                },
                "positionType": "relative",
                "resizable": true,
                "showCloseIcon": true,
                "type": "open",
                "viewPath": "DATA",
                "viewportBound": false
              },
              "scope": "C",
              "type": "popup"
            }
          }
        },
        "meta": {
          "name": "RadioGroup_21"
        },
        "position": {
          "height": 35,
          "width": 179,
          "x": 443.5,
          "y": 187.5
        },
        "propConfig": {
          "props.unselectedIcon.color.enabled": {
            "binding": {
              "config": {
                "fallbackDelay": 2.5,
                "mode": "direct",
                "tagPath": ""
              },
              "transforms": [
                {
                  "fallback": "#D5D5D5",
                  "inputType": "scalar",
                  "mappings": [
                    {
                      "input": true,
                      "output": "#47FFFF"
                    },
                    {
                      "input": false,
                      "output": "#FFFF47"
                    }
                  ],
                  "outputType": "color",
                  "type": "map"
                }
              ],
              "type": "tag"
            }
          }
        },
        "props": {
          "radios": [
            {
              "selected": true,
              "text": "Caja Eléctrica\n\n\n",
              "value": "Radio button"
            }
          ],
          "selectedIcon": {
            "color": {
              "enabled": "#FF8C00"
            }
          },
          "unselectedIcon": {
            "color": {}
          }
        },
        "type": "ia.input.radio-group"
      },
      {
        "events": {
          "dom": {
            "onClick": {
              "config": {
                "draggable": true,
                "id": "jcW7Qq6Q",
                "modal": false,
                "overlayDismiss": false,
                "position": {
                  "height": 500,
                  "relativeLocation": "center",
                  "width": 500
                },
                "positionType": "relative",
                "resizable": true,
                "showCloseIcon": true,
                "type": "open",
                "viewPath": "DATA",
                "viewportBound": false
              },
              "scope": "C",
              "type": "popup"
            }
          }
        },
        "meta": {
          "name": "puerta_0"
        },
        "position": {
          "height": 35,
          "width": 164,
          "x": 443.5,
          "y": 122.5
        },
        "propConfig": {
          "props.unselectedIcon.color.enabled": {
            "binding": {
              "config": {
                "fallbackDelay": 2.5,
                "mode": "direct",
                "tagPath": ""
              },
              "transforms": [
                {
                  "fallback": "#D5D5D5",
                  "inputType": "scalar",
                  "mappings": [
                    {
                      "input": true,
                      "output": "#47FFFF"
                    },
                    {
                      "input": false,
                      "output": "#FFFF47"
                    }
                  ],
                  "outputType": "color",
                  "type": "map"
                }
              ],
              "type": "tag"
            }
          }
        },
        "props": {
          "orientation": "column",
          "radios": [
            {
              "selected": true,
              "text": "Caja Eléctrica",
              "value": "Puerta Abierta"
            }
          ],
          "selectedIcon": {
            "color": {
              "enabled": "#0000FF"
            }
          },
          "unselectedIcon": {
            "color": {}
          },
          "value": "Puerta Abierta"
        },
        "type": "ia.input.radio-group"
      },
      {
        "events": {
          "dom": {
            "onClick": {
              "config": {
                "draggable": true,
                "id": "jcW7Qq6Q",
                "modal": false,
                "overlayDismiss": false,
                "position": {
                  "height": 500,
                  "relativeLocation": "center",
                  "width": 500
                },
                "positionType": "relative",
                "resizable": true,
                "showCloseIcon": true,
                "type": "open",
                "viewPath": "DATA",
                "viewportBound": false
              },
              "scope": "C",
              "type": "popup"
            }
          }
        },
        "meta": {
          "name": "RadioGroup_22"
        },
        "position": {
          "height": 35,
          "width": 185,
          "x": 242.5,
          "y": 641.5
        },
        "propConfig": {
          "props.unselectedIcon.color.enabled": {
            "binding": {
              "config": {
                "fallbackDelay": 2.5,
                "mode": "direct",
                "tagPath": ""
              },
              "transforms": [
                {
                  "fallback": "#D5D5D5",
                  "inputType": "scalar",
                  "mappings": [
                    {
                      "input": true,
                      "output": "#47FFFF"
                    },
                    {
                      "input": false,
                      "output": "#FFFF47"
                    }
                  ],
                  "outputType": "color",
                  "type": "map"
                }
              ],
              "type": "tag"
            }
          }
        },
        "props": {
          "radios": [
            {
              "selected": true,
              "text": "Sensor 4 Inactivo",
              "value": "Radio button"
            }
          ],
          "selectedIcon": {
            "color": {
              "enabled": "#FF8C00"
            }
          },
          "unselectedIcon": {
            "color": {}
          }
        },
        "type": "ia.input.radio-group"
      },
      {
        "events": {
          "dom": {
            "onClick": {
              "config": {
                "draggable": true,
                "id": "jcW7Qq6Q",
                "modal": false,
                "overlayDismiss": false,
                "position": {
                  "height": 500,
                  "width": 500
                },
                "positionType": "exact",
                "resizable": true,
                "showCloseIcon": true,
                "type": "open",
                "viewPath": "DATA",
                "viewportBound": false
              },
              "scope": "C",
              "type": "popup"
            }
          }
        },
        "meta": {
          "name": "RadioGroup_24"
        },
        "position": {
          "height": 35,
          "width": 172,
          "x": 242.5,
          "y": 576.5
        },
        "propConfig": {
          "props.unselectedIcon.color.enabled": {
            "binding": {
              "config": {
                "fallbackDelay": 2.5,
                "mode": "direct",
                "tagPath": ""
              },
              "transforms": [
                {
                  "fallback": "#D5D5D5",
                  "inputType": "scalar",
                  "mappings": [
                    {
                      "input": true,
                      "output": "#47FFFF"
                    },
                    {
                      "input": false,
                      "output": "#FFFF47"
                    }
                  ],
                  "outputType": "color",
                  "type": "map"
                }
              ],
              "type": "tag"
            }
          }
        },
        "props": {
          "radios": [
            {
              "selected": true,
              "text": "Sensor 4 Activo",
              "value": "Sensor 2 Activo"
            }
          ],
          "selectedIcon": {
            "color": {
              "enabled": "#0000FF"
            }
          },
          "unselectedIcon": {
            "color": {}
          },
          "value": "Sensor 2 Activo"
        },
        "type": "ia.input.radio-group"
      },
      {
        "events": {
          "dom": {
            "onClick": {
              "config": {
                "draggable": true,
                "id": "jcW7Qq6Q",
                "modal": false,
                "overlayDismiss": false,
                "position": {
                  "height": 500,
                  "relativeLocation": "center",
                  "width": 500
                },
                "positionType": "relative",
                "resizable": true,
                "showCloseIcon": true,
                "type": "open",
                "viewPath": "DATA",
                "viewportBound": false
              },
              "scope": "C",
              "type": "popup"
            }
          }
        },
        "meta": {
          "name": "RadioGroup_11"
        },
        "position": {
          "height": 35,
          "width": 184,
          "x": 242.5,
          "y": 511.5
        },
        "propConfig": {
          "props.unselectedIcon.color.enabled": {
            "binding": {
              "config": {
                "fallbackDelay": 2.5,
                "mode": "direct",
                "tagPath": ""
              },
              "transforms": [
                {
                  "fallback": "#D5D5D5",
                  "inputType": "scalar",
                  "mappings": [
                    {
                      "input": true,
                      "output": "#47FFFF"
                    },
                    {
                      "input": false,
                      "output": "#FFFF47"
                    }
                  ],
                  "outputType": "color",
                  "type": "map"
                }
              ],
              "type": "tag"
            }
          }
        },
        "props": {
          "radios": [
            {
              "selected": true,
              "text": "Sensor 3 Inactivo",
              "value": "Radio button"
            }
          ],
          "selectedIcon": {
            "color": {
              "enabled": "#0000FF"
            }
          },
          "unselectedIcon": {
            "color": {}
          }
        },
        "type": "ia.input.radio-group"
      },
      {
        "events": {
          "dom": {
            "onClick": {
              "config": {
                "draggable": true,
                "id": "jcW7Qq6Q",
                "modal": false,
                "overlayDismiss": false,
                "position": {
                  "height": 500,
                  "relativeLocation": "center",
                  "width": 500
                },
                "positionType": "relative",
                "resizable": true,
                "showCloseIcon": true,
                "type": "open",
                "viewPath": "DATA",
                "viewportBound": false
              },
              "scope": "C",
              "type": "popup"
            }
          }
        },
        "meta": {
          "name": "RadioGroup_12"
        },
        "position": {
          "height": 35,
          "width": 170,
          "x": 242.5,
          "y": 447.5
        },
        "propConfig": {
          "props.unselectedIcon.color.enabled": {
            "binding": {
              "config": {
                "fallbackDelay": 2.5,
                "mode": "direct",
                "tagPath": ""
              },
              "transforms": [
                {
                  "fallback": "#D5D5D5",
                  "inputType": "scalar",
                  "mappings": [
                    {
                      "input": true,
                      "output": "#47FFFF"
                    },
                    {
                      "input": false,
                      "output": "#FFFF47"
                    }
                  ],
                  "outputType": "color",
                  "type": "map"
                }
              ],
              "type": "tag"
            }
          }
        },
        "props": {
          "radios": [
            {
              "selected": true,
              "text": "Sensor 3 Activo",
              "value": "Radio button"
            }
          ],
          "selectedIcon": {
            "color": {
              "enabled": "#FF8C00"
            }
          },
          "unselectedIcon": {
            "color": {}
          }
        },
        "type": "ia.input.radio-group"
      }
    ],
    "meta": {
      "name": "root"
    },
    "position": {
      "x": 11.5,
      "y": -30
    },
    "type": "ia.container.coord"
  }
}