{
  "custom": {},
  "params": {},
  "props": {
    "defaultSize": {
      "height": 204,
      "width": 398
    }
  },
  "root": {
    "children": [
      {
        "events": {
          "dom": {
            "onKeyPress": {
              "config": {
                "params": {
                  "enter": ""
                },
                "view": "MAQ_Servicios"
              },
              "scope": "C",
              "type": "nav"
            }
          }
        },
        "meta": {
          "name": "PasswordField"
        },
        "position": {
          "height": 32.01,
          "width": 150.01,
          "x": 124,
          "y": 88
        },
        "props": {
          "text": "ApmRules"
        },
        "type": "ia.input.password-field"
      },
      {
        "meta": {
          "name": "Label"
        },
        "position": {
          "height": 32.01,
          "width": 208,
          "x": 95,
          "y": 38
        },
        "props": {
          "text": "INGRESE LA CONTRASEÑA:"
        },
        "type": "ia.display.label"
      },
      {
        "events": {
          "dom": {
            "onClick": {
              "config": {
                "draggable": true,
                "id": "stDDiaOq",
                "modal": false,
                "overlayDismiss": false,
                "resizable": true,
                "showCloseIcon": true,
                "type": "close",
                "viewPath": "VERIFICACION",
                "viewportBound": false
              },
              "scope": "C",
              "type": "popup"
            }
          }
        },
        "meta": {
          "name": "Button"
        },
        "position": {
          "height": 34,
          "width": 80,
          "x": 159,
          "y": 132
        },
        "props": {
          "text": "INGRESAR"
        },
        "type": "ia.input.button"
      }
    ],
    "events": {
      "dom": {
        "onClick": {
          "config": {
            "params": {},
            "view": "MAQ_Servicios"
          },
          "scope": "C",
          "type": "nav"
        }
      }
    },
    "meta": {
      "name": "root"
    },
    "type": "ia.container.coord"
  }
}