{
  "custom": {},
  "params": {},
  "props": {},
  "root": {
    "children": [
      {
        "meta": {
          "name": "Label"
        },
        "position": {
          "height": 50,
          "width": 416,
          "x": 161.5,
          "y": 47
        },
        "props": {
          "style": {
            "fontSize": 25
          },
          "text": "Celda de Manufactura Robotizada"
        },
        "type": "ia.display.label"
      },
      {
        "meta": {
          "name": "Image"
        },
        "position": {
          "height": 478,
          "width": 739,
          "x": 18,
          "y": 132
        },
        "props": {
          "fit": {
            "mode": "fill"
          },
          "source": "https://johnpanche.github.io/APM/CMR_1.PNG"
        },
        "type": "ia.display.image"
      },
      {
        "meta": {
          "name": "Image_0"
        },
        "position": {
          "height": 154,
          "width": 254,
          "x": 132.5,
          "y": 559.333
        },
        "props": {
          "fit": {
            "mode": "fill"
          },
          "source": "https://pimcore.tameson.com/Articles/general/pneumatic-gripper-2-finger-parallel.png"
        },
        "type": "ia.display.image"
      },
      {
        "meta": {
          "name": "Checkbox"
        },
        "position": {
          "height": 43,
          "width": 94,
          "x": 454,
          "y": 588.0036870117187
        },
        "propConfig": {
          "props.selected": {
            "binding": {
              "config": {
                "bidirectional": true,
                "fallbackDelay": 2.5,
                "mode": "direct",
                "tagPath": "[default]MQTT Tags/NUBE_MQTT_CELDA/START2"
              },
              "type": "tag"
            }
          }
        },
        "props": {
          "text": "Inicio"
        },
        "type": "ia.input.checkbox"
      },
      {
        "meta": {
          "name": "Checkbox_0"
        },
        "position": {
          "height": 36,
          "width": 147,
          "x": 205,
          "y": 458.67
        },
        "propConfig": {
          "props.selected": {
            "binding": {
              "config": {
                "bidirectional": true,
                "fallbackDelay": 2.5,
                "mode": "direct",
                "tagPath": "[default]MQTT Tags/NUBE_MQTT_CELDA/OUTPUT1"
              },
              "type": "tag"
            }
          }
        },
        "props": {
          "text": "O1. Soldadura"
        },
        "type": "ia.input.checkbox"
      },
      {
        "meta": {
          "name": "Checkbox_1"
        },
        "position": {
          "height": 36,
          "width": 149,
          "x": 537,
          "y": 461.67
        },
        "propConfig": {
          "props.selected": {
            "binding": {
              "config": {
                "bidirectional": true,
                "fallbackDelay": 2.5,
                "mode": "direct",
                "tagPath": "[default]MQTT Tags/NUBE_MQTT_CELDA/OUTPUT2"
              },
              "type": "tag"
            }
          }
        },
        "props": {
          "text": "O2: Limpieza"
        },
        "type": "ia.input.checkbox"
      },
      {
        "meta": {
          "name": "Checkbox_2"
        },
        "position": {
          "height": 36,
          "width": 139,
          "x": 278,
          "y": 720.67
        },
        "propConfig": {
          "props.selected": {
            "binding": {
              "config": {
                "bidirectional": true,
                "fallbackDelay": 2.5,
                "mode": "direct",
                "tagPath": "[default]MQTT Tags/NUBE_MQTT_CELDA/OUTPUT3"
              },
              "type": "tag"
            }
          }
        },
        "props": {
          "text": "Abrir Pinzas"
        },
        "type": "ia.input.checkbox"
      },
      {
        "meta": {
          "name": "Checkbox_3"
        },
        "position": {
          "height": 32,
          "width": 140,
          "x": 109.5,
          "y": 720.67
        },
        "propConfig": {
          "props.selected": {
            "binding": {
              "config": {
                "bidirectional": true,
                "fallbackDelay": 2.5,
                "mode": "direct",
                "tagPath": "[default]MQTT Tags/NUBE_MQTT_CELDA/OUTPUT4"
              },
              "type": "tag"
            }
          }
        },
        "props": {
          "text": "Cerrar Pinzas"
        },
        "type": "ia.input.checkbox"
      }
    ],
    "meta": {
      "name": "root"
    },
    "type": "ia.container.coord"
  }
}