{
  "custom": {},
  "params": {},
  "props": {},
  "root": {
    "children": [
      {
        "meta": {
          "name": "MenuTree"
        },
        "position": {
          "height": 800,
          "width": 155,
          "x": 645
        },
        "props": {
          "items": [
            {
              "enabled": true,
              "items": [],
              "label": {
                "icon": {
                  "path": ""
                },
                "text": "Main"
              },
              "navIcon": {
                "color": "",
                "path": "material/chevron_right"
              },
              "showHeader": true,
              "style": {
                "classes": "",
                "padding": 10
              },
              "target": "/A",
              "visible": true
            },
            {
              "enabled": true,
              "items": [],
              "label": {
                "icon": {
                  "path": ""
                },
                "text": "Parámetros"
              },
              "navIcon": {
                "color": "",
                "path": "material/chevron_right"
              },
              "showHeader": true,
              "style": {
                "classes": "",
                "padding": 10
              },
              "target": "/new-page",
              "visible": true
            },
            {
              "enabled": true,
              "items": [],
              "label": {
                "icon": {
                  "path": ""
                },
                "text": "Alarmas"
              },
              "navIcon": {
                "color": "",
                "path": "material/chevron_right"
              },
              "showHeader": true,
              "style": {
                "classes": "",
                "padding": 10
              },
              "target": "/c",
              "visible": true
            }
          ],
          "layoutAlignment": "right"
        },
        "type": "ia.navigation.menutree"
      },
      {
        "events": {
          "dom": {
            "onClick": {
              "config": {
                "draggable": true,
                "id": "jcW7Qq6Q",
                "modal": false,
                "overlayDismiss": false,
                "position": {
                  "height": 500,
                  "width": 500
                },
                "positionType": "exact",
                "resizable": true,
                "showCloseIcon": true,
                "type": "open",
                "viewPath": "DATA",
                "viewportBound": false
              },
              "scope": "C",
              "type": "popup"
            }
          }
        },
        "meta": {
          "name": "RadioGroup_15"
        },
        "position": {
          "height": 35,
          "width": 155,
          "x": 434,
          "y": 90
        },
        "propConfig": {
          "props.unselectedIcon.color.enabled": {
            "binding": {
              "config": {
                "fallbackDelay": 2.5,
                "mode": "direct",
                "tagPath": ""
              },
              "transforms": [
                {
                  "fallback": "#D5D5D5",
                  "inputType": "scalar",
                  "mappings": [
                    {
                      "input": true,
                      "output": "#47FFFF"
                    },
                    {
                      "input": false,
                      "output": "#FFFF47"
                    }
                  ],
                  "outputType": "color",
                  "type": "map"
                }
              ],
              "type": "tag"
            }
          }
        },
        "props": {
          "radios": [
            {
              "selected": true,
              "text": "AHORA SI",
              "value": "Radio button"
            }
          ],
          "unselectedIcon": {
            "color": {}
          }
        },
        "type": "ia.input.radio-group"
      },
      {
        "events": {
          "dom": {
            "onClick": {
              "config": {
                "draggable": true,
                "id": "jcW7Qq6Q",
                "modal": false,
                "overlayDismiss": false,
                "position": {
                  "height": 500,
                  "width": 500
                },
                "positionType": "exact",
                "resizable": true,
                "showCloseIcon": true,
                "type": "open",
                "viewPath": "DATA",
                "viewportBound": false
              },
              "scope": "C",
              "type": "popup"
            }
          }
        },
        "meta": {
          "name": "RadioGroup_7"
        },
        "position": {
          "height": 35,
          "width": 155,
          "x": 242.5,
          "y": 90
        },
        "propConfig": {
          "props.unselectedIcon.color.enabled": {
            "binding": {
              "config": {
                "fallbackDelay": 2.5,
                "mode": "direct",
                "tagPath": ""
              },
              "transforms": [
                {
                  "fallback": "#D5D5D5",
                  "inputType": "scalar",
                  "mappings": [
                    {
                      "input": true,
                      "output": "#47FFFF"
                    },
                    {
                      "input": false,
                      "output": "#FFFF47"
                    }
                  ],
                  "outputType": "color",
                  "type": "map"
                }
              ],
              "type": "tag"
            }
          }
        },
        "props": {
          "radios": [
            {
              "selected": true,
              "text": "AHORA SI",
              "value": "Radio button"
            }
          ],
          "unselectedIcon": {
            "color": {}
          }
        },
        "type": "ia.input.radio-group"
      },
      {
        "events": {
          "dom": {
            "onClick": {
              "config": {
                "draggable": true,
                "id": "jcW7Qq6Q",
                "modal": false,
                "overlayDismiss": false,
                "position": {
                  "height": 500,
                  "relativeLocation": "center",
                  "width": 500
                },
                "positionType": "relative",
                "resizable": true,
                "showCloseIcon": true,
                "type": "open",
                "viewPath": "DATA",
                "viewportBound": false
              },
              "scope": "C",
              "type": "popup"
            }
          }
        },
        "meta": {
          "name": "RadioGroup_16"
        },
        "position": {
          "height": 35,
          "width": 155,
          "x": 434,
          "y": 155
        },
        "propConfig": {
          "props.unselectedIcon.color.enabled": {
            "binding": {
              "config": {
                "fallbackDelay": 2.5,
                "mode": "direct",
                "tagPath": ""
              },
              "transforms": [
                {
                  "fallback": "#D5D5D5",
                  "inputType": "scalar",
                  "mappings": [
                    {
                      "input": true,
                      "output": "#47FFFF"
                    },
                    {
                      "input": false,
                      "output": "#FFFF47"
                    }
                  ],
                  "outputType": "color",
                  "type": "map"
                }
              ],
              "type": "tag"
            }
          }
        },
        "props": {
          "unselectedIcon": {
            "color": {}
          },
          "value": "KSDGLKAJFH"
        },
        "type": "ia.input.radio-group"
      },
      {
        "events": {
          "dom": {
            "onClick": {
              "config": {
                "draggable": true,
                "id": "jcW7Qq6Q",
                "modal": false,
                "overlayDismiss": false,
                "position": {
                  "height": 500,
                  "relativeLocation": "center",
                  "width": 500
                },
                "positionType": "relative",
                "resizable": true,
                "showCloseIcon": true,
                "type": "open",
                "viewPath": "DATA",
                "viewportBound": false
              },
              "scope": "C",
              "type": "popup"
            }
          }
        },
        "meta": {
          "name": "RadioGroup_8"
        },
        "position": {
          "height": 35,
          "width": 155,
          "x": 242.5,
          "y": 155
        },
        "propConfig": {
          "props.unselectedIcon.color.enabled": {
            "binding": {
              "config": {
                "fallbackDelay": 2.5,
                "mode": "direct",
                "tagPath": ""
              },
              "transforms": [
                {
                  "fallback": "#D5D5D5",
                  "inputType": "scalar",
                  "mappings": [
                    {
                      "input": true,
                      "output": "#47FFFF"
                    },
                    {
                      "input": false,
                      "output": "#FFFF47"
                    }
                  ],
                  "outputType": "color",
                  "type": "map"
                }
              ],
              "type": "tag"
            }
          }
        },
        "props": {
          "unselectedIcon": {
            "color": {}
          },
          "value": "KSDGLKAJFH"
        },
        "type": "ia.input.radio-group"
      },
      {
        "events": {
          "dom": {
            "onClick": {
              "config": {
                "draggable": true,
                "id": "jcW7Qq6Q",
                "modal": false,
                "overlayDismiss": false,
                "position": {
                  "height": 500,
                  "relativeLocation": "center",
                  "width": 500
                },
                "positionType": "relative",
                "resizable": true,
                "showCloseIcon": true,
                "type": "open",
                "viewPath": "DATA",
                "viewportBound": false
              },
              "scope": "C",
              "type": "popup"
            }
          }
        },
        "meta": {
          "name": "RadioGroup_18"
        },
        "position": {
          "height": 35,
          "width": 155,
          "x": 434,
          "y": 220
        },
        "propConfig": {
          "props.unselectedIcon.color.enabled": {
            "binding": {
              "config": {
                "fallbackDelay": 2.5,
                "mode": "direct",
                "tagPath": ""
              },
              "transforms": [
                {
                  "fallback": "#D5D5D5",
                  "inputType": "scalar",
                  "mappings": [
                    {
                      "input": true,
                      "output": "#47FFFF"
                    },
                    {
                      "input": false,
                      "output": "#FFFF47"
                    }
                  ],
                  "outputType": "color",
                  "type": "map"
                }
              ],
              "type": "tag"
            }
          }
        },
        "props": {
          "unselectedIcon": {
            "color": {}
          },
          "value": "KSDGLKAJFH"
        },
        "type": "ia.input.radio-group"
      },
      {
        "events": {
          "dom": {
            "onClick": {
              "config": {
                "draggable": true,
                "id": "jcW7Qq6Q",
                "modal": false,
                "overlayDismiss": false,
                "position": {
                  "height": 500,
                  "relativeLocation": "center",
                  "width": 500
                },
                "positionType": "relative",
                "resizable": true,
                "showCloseIcon": true,
                "type": "open",
                "viewPath": "DATA",
                "viewportBound": false
              },
              "scope": "C",
              "type": "popup"
            }
          }
        },
        "meta": {
          "name": "RadioGroup_10"
        },
        "position": {
          "height": 35,
          "width": 155,
          "x": 242.5,
          "y": 220
        },
        "propConfig": {
          "props.unselectedIcon.color.enabled": {
            "binding": {
              "config": {
                "fallbackDelay": 2.5,
                "mode": "direct",
                "tagPath": ""
              },
              "transforms": [
                {
                  "fallback": "#D5D5D5",
                  "inputType": "scalar",
                  "mappings": [
                    {
                      "input": true,
                      "output": "#47FFFF"
                    },
                    {
                      "input": false,
                      "output": "#FFFF47"
                    }
                  ],
                  "outputType": "color",
                  "type": "map"
                }
              ],
              "type": "tag"
            }
          }
        },
        "props": {
          "unselectedIcon": {
            "color": {}
          },
          "value": "KSDGLKAJFH"
        },
        "type": "ia.input.radio-group"
      },
      {
        "events": {
          "dom": {
            "onClick": {
              "config": {
                "draggable": true,
                "id": "jcW7Qq6Q",
                "modal": false,
                "overlayDismiss": false,
                "position": {
                  "height": 500,
                  "relativeLocation": "center",
                  "width": 500
                },
                "positionType": "relative",
                "resizable": true,
                "showCloseIcon": true,
                "type": "open",
                "viewPath": "DATA",
                "viewportBound": false
              },
              "scope": "C",
              "type": "popup"
            }
          }
        },
        "meta": {
          "name": "RadioGroup_9"
        },
        "position": {
          "height": 35,
          "width": 155,
          "x": 242.5,
          "y": 285
        },
        "propConfig": {
          "props.unselectedIcon.color.enabled": {
            "binding": {
              "config": {
                "fallbackDelay": 2.5,
                "mode": "direct",
                "tagPath": ""
              },
              "transforms": [
                {
                  "fallback": "#D5D5D5",
                  "inputType": "scalar",
                  "mappings": [
                    {
                      "input": true,
                      "output": "#47FFFF"
                    },
                    {
                      "input": false,
                      "output": "#FFFF47"
                    }
                  ],
                  "outputType": "color",
                  "type": "map"
                }
              ],
              "type": "tag"
            }
          }
        },
        "props": {
          "unselectedIcon": {
            "color": {}
          },
          "value": "KSDGLKAJFH"
        },
        "type": "ia.input.radio-group"
      },
      {
        "events": {
          "dom": {
            "onClick": {
              "config": {
                "draggable": true,
                "id": "jcW7Qq6Q",
                "modal": false,
                "overlayDismiss": false,
                "position": {
                  "height": 500,
                  "relativeLocation": "center",
                  "width": 500
                },
                "positionType": "relative",
                "resizable": true,
                "showCloseIcon": true,
                "type": "open",
                "viewPath": "DATA",
                "viewportBound": false
              },
              "scope": "C",
              "type": "popup"
            }
          }
        },
        "meta": {
          "name": "RadioGroup_17"
        },
        "position": {
          "height": 35,
          "width": 155,
          "x": 434,
          "y": 285
        },
        "propConfig": {
          "props.unselectedIcon.color.enabled": {
            "binding": {
              "config": {
                "fallbackDelay": 2.5,
                "mode": "direct",
                "tagPath": ""
              },
              "transforms": [
                {
                  "fallback": "#D5D5D5",
                  "inputType": "scalar",
                  "mappings": [
                    {
                      "input": true,
                      "output": "#47FFFF"
                    },
                    {
                      "input": false,
                      "output": "#FFFF47"
                    }
                  ],
                  "outputType": "color",
                  "type": "map"
                }
              ],
              "type": "tag"
            }
          }
        },
        "props": {
          "unselectedIcon": {
            "color": {}
          },
          "value": "KSDGLKAJFH"
        },
        "type": "ia.input.radio-group"
      },
      {
        "events": {
          "dom": {
            "onClick": {
              "config": {
                "draggable": true,
                "id": "jcW7Qq6Q",
                "modal": false,
                "overlayDismiss": false,
                "position": {
                  "height": 500,
                  "width": 500
                },
                "positionType": "exact",
                "resizable": true,
                "showCloseIcon": true,
                "type": "open",
                "viewPath": "DATA",
                "viewportBound": false
              },
              "scope": "C",
              "type": "popup"
            }
          }
        },
        "meta": {
          "name": "RadioGroup_22"
        },
        "position": {
          "height": 35,
          "width": 155,
          "x": 434,
          "y": 350
        },
        "propConfig": {
          "props.unselectedIcon.color.enabled": {
            "binding": {
              "config": {
                "fallbackDelay": 2.5,
                "mode": "direct",
                "tagPath": ""
              },
              "transforms": [
                {
                  "fallback": "#D5D5D5",
                  "inputType": "scalar",
                  "mappings": [
                    {
                      "input": true,
                      "output": "#47FFFF"
                    },
                    {
                      "input": false,
                      "output": "#FFFF47"
                    }
                  ],
                  "outputType": "color",
                  "type": "map"
                }
              ],
              "type": "tag"
            }
          }
        },
        "props": {
          "radios": [
            {
              "selected": true,
              "text": "AHORA SI",
              "value": "Radio button"
            }
          ],
          "unselectedIcon": {
            "color": {}
          }
        },
        "type": "ia.input.radio-group"
      },
      {
        "events": {
          "dom": {
            "onClick": {
              "config": {
                "draggable": true,
                "id": "jcW7Qq6Q",
                "modal": false,
                "overlayDismiss": false,
                "position": {
                  "height": 500,
                  "width": 500
                },
                "positionType": "exact",
                "resizable": true,
                "showCloseIcon": true,
                "type": "open",
                "viewPath": "DATA",
                "viewportBound": false
              },
              "scope": "C",
              "type": "popup"
            }
          }
        },
        "meta": {
          "name": "RadioGroup_14"
        },
        "position": {
          "height": 35,
          "width": 155,
          "x": 242.5,
          "y": 350
        },
        "propConfig": {
          "props.unselectedIcon.color.enabled": {
            "binding": {
              "config": {
                "fallbackDelay": 2.5,
                "mode": "direct",
                "tagPath": ""
              },
              "transforms": [
                {
                  "fallback": "#D5D5D5",
                  "inputType": "scalar",
                  "mappings": [
                    {
                      "input": true,
                      "output": "#47FFFF"
                    },
                    {
                      "input": false,
                      "output": "#FFFF47"
                    }
                  ],
                  "outputType": "color",
                  "type": "map"
                }
              ],
              "type": "tag"
            }
          }
        },
        "props": {
          "radios": [
            {
              "selected": true,
              "text": "AHORA SI",
              "value": "Radio button"
            }
          ],
          "unselectedIcon": {
            "color": {}
          }
        },
        "type": "ia.input.radio-group"
      },
      {
        "events": {
          "dom": {
            "onClick": {
              "config": {
                "draggable": true,
                "id": "jcW7Qq6Q",
                "modal": false,
                "overlayDismiss": false,
                "position": {
                  "height": 500,
                  "relativeLocation": "center",
                  "width": 500
                },
                "positionType": "relative",
                "resizable": true,
                "showCloseIcon": true,
                "type": "open",
                "viewPath": "DATA",
                "viewportBound": false
              },
              "scope": "C",
              "type": "popup"
            }
          }
        },
        "meta": {
          "name": "RadioGroup_21"
        },
        "position": {
          "height": 35,
          "width": 155,
          "x": 434,
          "y": 415
        },
        "propConfig": {
          "props.unselectedIcon.color.enabled": {
            "binding": {
              "config": {
                "fallbackDelay": 2.5,
                "mode": "direct",
                "tagPath": ""
              },
              "transforms": [
                {
                  "fallback": "#D5D5D5",
                  "inputType": "scalar",
                  "mappings": [
                    {
                      "input": true,
                      "output": "#47FFFF"
                    },
                    {
                      "input": false,
                      "output": "#FFFF47"
                    }
                  ],
                  "outputType": "color",
                  "type": "map"
                }
              ],
              "type": "tag"
            }
          }
        },
        "props": {
          "unselectedIcon": {
            "color": {}
          },
          "value": "KSDGLKAJFH"
        },
        "type": "ia.input.radio-group"
      },
      {
        "events": {
          "dom": {
            "onClick": {
              "config": {
                "draggable": true,
                "id": "jcW7Qq6Q",
                "modal": false,
                "overlayDismiss": false,
                "position": {
                  "height": 500,
                  "relativeLocation": "center",
                  "width": 500
                },
                "positionType": "relative",
                "resizable": true,
                "showCloseIcon": true,
                "type": "open",
                "viewPath": "DATA",
                "viewportBound": false
              },
              "scope": "C",
              "type": "popup"
            }
          }
        },
        "meta": {
          "name": "RadioGroup_13"
        },
        "position": {
          "height": 35,
          "width": 155,
          "x": 242.5,
          "y": 415
        },
        "propConfig": {
          "props.unselectedIcon.color.enabled": {
            "binding": {
              "config": {
                "fallbackDelay": 2.5,
                "mode": "direct",
                "tagPath": ""
              },
              "transforms": [
                {
                  "fallback": "#D5D5D5",
                  "inputType": "scalar",
                  "mappings": [
                    {
                      "input": true,
                      "output": "#47FFFF"
                    },
                    {
                      "input": false,
                      "output": "#FFFF47"
                    }
                  ],
                  "outputType": "color",
                  "type": "map"
                }
              ],
              "type": "tag"
            }
          }
        },
        "props": {
          "unselectedIcon": {
            "color": {}
          },
          "value": "KSDGLKAJFH"
        },
        "type": "ia.input.radio-group"
      },
      {
        "events": {
          "dom": {
            "onClick": {
              "config": {
                "draggable": true,
                "id": "jcW7Qq6Q",
                "modal": false,
                "overlayDismiss": false,
                "position": {
                  "height": 500,
                  "width": 500
                },
                "positionType": "exact",
                "resizable": true,
                "showCloseIcon": true,
                "type": "open",
                "viewPath": "DATA",
                "viewportBound": false
              },
              "scope": "C",
              "type": "popup"
            }
          }
        },
        "meta": {
          "name": "RadioGroup"
        },
        "position": {
          "height": 35,
          "width": 155,
          "x": 36.5,
          "y": 90
        },
        "propConfig": {
          "props.unselectedIcon.color.enabled": {
            "binding": {
              "config": {
                "fallbackDelay": 2.5,
                "mode": "direct",
                "tagPath": ""
              },
              "transforms": [
                {
                  "fallback": "#D5D5D5",
                  "inputType": "scalar",
                  "mappings": [
                    {
                      "input": true,
                      "output": "#47FFFF"
                    },
                    {
                      "input": false,
                      "output": "#FFFF47"
                    }
                  ],
                  "outputType": "color",
                  "type": "map"
                }
              ],
              "type": "tag"
            }
          }
        },
        "props": {
          "radios": [
            {
              "selected": true,
              "text": "AHORA SI",
              "value": "Radio button"
            }
          ],
          "unselectedIcon": {
            "color": {}
          }
        },
        "type": "ia.input.radio-group"
      },
      {
        "events": {
          "dom": {
            "onClick": {
              "config": {
                "draggable": true,
                "id": "jcW7Qq6Q",
                "modal": false,
                "overlayDismiss": false,
                "position": {
                  "height": 500,
                  "relativeLocation": "center",
                  "width": 500
                },
                "positionType": "relative",
                "resizable": true,
                "showCloseIcon": true,
                "type": "open",
                "viewPath": "DATA",
                "viewportBound": false
              },
              "scope": "C",
              "type": "popup"
            }
          }
        },
        "meta": {
          "name": "RadioGroup_0"
        },
        "position": {
          "height": 35,
          "width": 155,
          "x": 36.5,
          "y": 155
        },
        "propConfig": {
          "props.unselectedIcon.color.enabled": {
            "binding": {
              "config": {
                "fallbackDelay": 2.5,
                "mode": "direct",
                "tagPath": ""
              },
              "transforms": [
                {
                  "fallback": "#D5D5D5",
                  "inputType": "scalar",
                  "mappings": [
                    {
                      "input": true,
                      "output": "#47FFFF"
                    },
                    {
                      "input": false,
                      "output": "#FFFF47"
                    }
                  ],
                  "outputType": "color",
                  "type": "map"
                }
              ],
              "type": "tag"
            }
          }
        },
        "props": {
          "unselectedIcon": {
            "color": {}
          },
          "value": "KSDGLKAJFH"
        },
        "type": "ia.input.radio-group"
      },
      {
        "events": {
          "dom": {
            "onClick": {
              "config": {
                "draggable": true,
                "id": "jcW7Qq6Q",
                "modal": false,
                "overlayDismiss": false,
                "position": {
                  "height": 500,
                  "relativeLocation": "center",
                  "width": 500
                },
                "positionType": "relative",
                "resizable": true,
                "showCloseIcon": true,
                "type": "open",
                "viewPath": "DATA",
                "viewportBound": false
              },
              "scope": "C",
              "type": "popup"
            }
          }
        },
        "meta": {
          "name": "RadioGroup_1"
        },
        "position": {
          "height": 35,
          "width": 155,
          "x": 36.5,
          "y": 220
        },
        "propConfig": {
          "props.unselectedIcon.color.enabled": {
            "binding": {
              "config": {
                "fallbackDelay": 2.5,
                "mode": "direct",
                "tagPath": ""
              },
              "transforms": [
                {
                  "fallback": "#D5D5D5",
                  "inputType": "scalar",
                  "mappings": [
                    {
                      "input": true,
                      "output": "#47FFFF"
                    },
                    {
                      "input": false,
                      "output": "#FFFF47"
                    }
                  ],
                  "outputType": "color",
                  "type": "map"
                }
              ],
              "type": "tag"
            }
          }
        },
        "props": {
          "unselectedIcon": {
            "color": {}
          },
          "value": "KSDGLKAJFH"
        },
        "type": "ia.input.radio-group"
      },
      {
        "events": {
          "dom": {
            "onClick": {
              "config": {
                "draggable": true,
                "id": "jcW7Qq6Q",
                "modal": false,
                "overlayDismiss": false,
                "position": {
                  "height": 500,
                  "relativeLocation": "center",
                  "width": 500
                },
                "positionType": "relative",
                "resizable": true,
                "showCloseIcon": true,
                "type": "open",
                "viewPath": "DATA",
                "viewportBound": false
              },
              "scope": "C",
              "type": "popup"
            }
          }
        },
        "meta": {
          "name": "RadioGroup_2"
        },
        "position": {
          "height": 35,
          "width": 155,
          "x": 36.5,
          "y": 285
        },
        "propConfig": {
          "props.unselectedIcon.color.enabled": {
            "binding": {
              "config": {
                "fallbackDelay": 2.5,
                "mode": "direct",
                "tagPath": ""
              },
              "transforms": [
                {
                  "fallback": "#D5D5D5",
                  "inputType": "scalar",
                  "mappings": [
                    {
                      "input": true,
                      "output": "#47FFFF"
                    },
                    {
                      "input": false,
                      "output": "#FFFF47"
                    }
                  ],
                  "outputType": "color",
                  "type": "map"
                }
              ],
              "type": "tag"
            }
          }
        },
        "props": {
          "unselectedIcon": {
            "color": {}
          },
          "value": "KSDGLKAJFH"
        },
        "type": "ia.input.radio-group"
      },
      {
        "events": {
          "dom": {
            "onClick": {
              "config": {
                "draggable": true,
                "id": "jcW7Qq6Q",
                "modal": false,
                "overlayDismiss": false,
                "position": {
                  "height": 500,
                  "relativeLocation": "center",
                  "width": 500
                },
                "positionType": "relative",
                "resizable": true,
                "showCloseIcon": true,
                "type": "open",
                "viewPath": "DATA",
                "viewportBound": false
              },
              "scope": "C",
              "type": "popup"
            }
          }
        },
        "meta": {
          "name": "RadioGroup_5"
        },
        "position": {
          "height": 35,
          "width": 155,
          "x": 36.5,
          "y": 350
        },
        "propConfig": {
          "props.unselectedIcon.color.enabled": {
            "binding": {
              "config": {
                "fallbackDelay": 2.5,
                "mode": "direct",
                "tagPath": ""
              },
              "transforms": [
                {
                  "fallback": "#D5D5D5",
                  "inputType": "scalar",
                  "mappings": [
                    {
                      "input": true,
                      "output": "#47FFFF"
                    },
                    {
                      "input": false,
                      "output": "#FFFF47"
                    }
                  ],
                  "outputType": "color",
                  "type": "map"
                }
              ],
              "type": "tag"
            }
          }
        },
        "props": {
          "unselectedIcon": {
            "color": {}
          },
          "value": "KSDGLKAJFH"
        },
        "type": "ia.input.radio-group"
      },
      {
        "events": {
          "dom": {
            "onClick": {
              "config": {
                "draggable": true,
                "id": "jcW7Qq6Q",
                "modal": false,
                "overlayDismiss": false,
                "position": {
                  "height": 500,
                  "width": 500
                },
                "positionType": "exact",
                "resizable": true,
                "showCloseIcon": true,
                "type": "open",
                "viewPath": "DATA",
                "viewportBound": false
              },
              "scope": "C",
              "type": "popup"
            }
          }
        },
        "meta": {
          "name": "RadioGroup_6"
        },
        "position": {
          "height": 35,
          "width": 155,
          "x": 36.5,
          "y": 415
        },
        "propConfig": {
          "props.unselectedIcon.color.enabled": {
            "binding": {
              "config": {
                "fallbackDelay": 2.5,
                "mode": "direct",
                "tagPath": ""
              },
              "transforms": [
                {
                  "fallback": "#D5D5D5",
                  "inputType": "scalar",
                  "mappings": [
                    {
                      "input": true,
                      "output": "#47FFFF"
                    },
                    {
                      "input": false,
                      "output": "#FFFF47"
                    }
                  ],
                  "outputType": "color",
                  "type": "map"
                }
              ],
              "type": "tag"
            }
          }
        },
        "props": {
          "radios": [
            {
              "selected": true,
              "text": "AHORA SI",
              "value": "Radio button"
            }
          ],
          "unselectedIcon": {
            "color": {}
          }
        },
        "type": "ia.input.radio-group"
      },
      {
        "events": {
          "dom": {
            "onClick": {
              "config": {
                "draggable": true,
                "id": "jcW7Qq6Q",
                "modal": false,
                "overlayDismiss": false,
                "position": {
                  "height": 500,
                  "relativeLocation": "center",
                  "width": 500
                },
                "positionType": "relative",
                "resizable": true,
                "showCloseIcon": true,
                "type": "open",
                "viewPath": "DATA",
                "viewportBound": false
              },
              "scope": "C",
              "type": "popup"
            }
          }
        },
        "meta": {
          "name": "RadioGroup_20"
        },
        "position": {
          "height": 35,
          "width": 155,
          "x": 434,
          "y": 480
        },
        "propConfig": {
          "props.unselectedIcon.color.enabled": {
            "binding": {
              "config": {
                "fallbackDelay": 2.5,
                "mode": "direct",
                "tagPath": ""
              },
              "transforms": [
                {
                  "fallback": "#D5D5D5",
                  "inputType": "scalar",
                  "mappings": [
                    {
                      "input": true,
                      "output": "#47FFFF"
                    },
                    {
                      "input": false,
                      "output": "#FFFF47"
                    }
                  ],
                  "outputType": "color",
                  "type": "map"
                }
              ],
              "type": "tag"
            }
          }
        },
        "props": {
          "unselectedIcon": {
            "color": {}
          },
          "value": "KSDGLKAJFH"
        },
        "type": "ia.input.radio-group"
      },
      {
        "events": {
          "dom": {
            "onClick": {
              "config": {
                "draggable": true,
                "id": "jcW7Qq6Q",
                "modal": false,
                "overlayDismiss": false,
                "position": {
                  "height": 500,
                  "relativeLocation": "center",
                  "width": 500
                },
                "positionType": "relative",
                "resizable": true,
                "showCloseIcon": true,
                "type": "open",
                "viewPath": "DATA",
                "viewportBound": false
              },
              "scope": "C",
              "type": "popup"
            }
          }
        },
        "meta": {
          "name": "RadioGroup_4"
        },
        "position": {
          "height": 35,
          "width": 155,
          "x": 36.5,
          "y": 480
        },
        "propConfig": {
          "props.unselectedIcon.color.enabled": {
            "binding": {
              "config": {
                "fallbackDelay": 2.5,
                "mode": "direct",
                "tagPath": ""
              },
              "transforms": [
                {
                  "fallback": "#D5D5D5",
                  "inputType": "scalar",
                  "mappings": [
                    {
                      "input": true,
                      "output": "#47FFFF"
                    },
                    {
                      "input": false,
                      "output": "#FFFF47"
                    }
                  ],
                  "outputType": "color",
                  "type": "map"
                }
              ],
              "type": "tag"
            }
          }
        },
        "props": {
          "unselectedIcon": {
            "color": {}
          },
          "value": "KSDGLKAJFH"
        },
        "type": "ia.input.radio-group"
      },
      {
        "events": {
          "dom": {
            "onClick": {
              "config": {
                "draggable": true,
                "id": "jcW7Qq6Q",
                "modal": false,
                "overlayDismiss": false,
                "position": {
                  "height": 500,
                  "relativeLocation": "center",
                  "width": 500
                },
                "positionType": "relative",
                "resizable": true,
                "showCloseIcon": true,
                "type": "open",
                "viewPath": "DATA",
                "viewportBound": false
              },
              "scope": "C",
              "type": "popup"
            }
          }
        },
        "meta": {
          "name": "RadioGroup_12"
        },
        "position": {
          "height": 35,
          "width": 155,
          "x": 242.5,
          "y": 480
        },
        "propConfig": {
          "props.unselectedIcon.color.enabled": {
            "binding": {
              "config": {
                "fallbackDelay": 2.5,
                "mode": "direct",
                "tagPath": ""
              },
              "transforms": [
                {
                  "fallback": "#D5D5D5",
                  "inputType": "scalar",
                  "mappings": [
                    {
                      "input": true,
                      "output": "#47FFFF"
                    },
                    {
                      "input": false,
                      "output": "#FFFF47"
                    }
                  ],
                  "outputType": "color",
                  "type": "map"
                }
              ],
              "type": "tag"
            }
          }
        },
        "props": {
          "unselectedIcon": {
            "color": {}
          },
          "value": "KSDGLKAJFH"
        },
        "type": "ia.input.radio-group"
      },
      {
        "events": {
          "dom": {
            "onClick": {
              "config": {
                "draggable": true,
                "id": "jcW7Qq6Q",
                "modal": false,
                "overlayDismiss": false,
                "position": {
                  "height": 500,
                  "relativeLocation": "center",
                  "width": 500
                },
                "positionType": "relative",
                "resizable": true,
                "showCloseIcon": true,
                "type": "open",
                "viewPath": "DATA",
                "viewportBound": false
              },
              "scope": "C",
              "type": "popup"
            }
          }
        },
        "meta": {
          "name": "RadioGroup_19"
        },
        "position": {
          "height": 35,
          "width": 155,
          "x": 434,
          "y": 545
        },
        "propConfig": {
          "props.unselectedIcon.color.enabled": {
            "binding": {
              "config": {
                "fallbackDelay": 2.5,
                "mode": "direct",
                "tagPath": ""
              },
              "transforms": [
                {
                  "fallback": "#D5D5D5",
                  "inputType": "scalar",
                  "mappings": [
                    {
                      "input": true,
                      "output": "#47FFFF"
                    },
                    {
                      "input": false,
                      "output": "#FFFF47"
                    }
                  ],
                  "outputType": "color",
                  "type": "map"
                }
              ],
              "type": "tag"
            }
          }
        },
        "props": {
          "unselectedIcon": {
            "color": {}
          },
          "value": "KSDGLKAJFH"
        },
        "type": "ia.input.radio-group"
      },
      {
        "events": {
          "dom": {
            "onClick": {
              "config": {
                "draggable": true,
                "id": "jcW7Qq6Q",
                "modal": false,
                "overlayDismiss": false,
                "position": {
                  "height": 500,
                  "relativeLocation": "center",
                  "width": 500
                },
                "positionType": "relative",
                "resizable": true,
                "showCloseIcon": true,
                "type": "open",
                "viewPath": "DATA",
                "viewportBound": false
              },
              "scope": "C",
              "type": "popup"
            }
          }
        },
        "meta": {
          "name": "RadioGroup_3"
        },
        "position": {
          "height": 35,
          "width": 155,
          "x": 36.5,
          "y": 545
        },
        "propConfig": {
          "props.unselectedIcon.color.enabled": {
            "binding": {
              "config": {
                "fallbackDelay": 2.5,
                "mode": "direct",
                "tagPath": ""
              },
              "transforms": [
                {
                  "fallback": "#D5D5D5",
                  "inputType": "scalar",
                  "mappings": [
                    {
                      "input": true,
                      "output": "#47FFFF"
                    },
                    {
                      "input": false,
                      "output": "#FFFF47"
                    }
                  ],
                  "outputType": "color",
                  "type": "map"
                }
              ],
              "type": "tag"
            }
          }
        },
        "props": {
          "unselectedIcon": {
            "color": {}
          },
          "value": "KSDGLKAJFH"
        },
        "type": "ia.input.radio-group"
      },
      {
        "events": {
          "dom": {
            "onClick": {
              "config": {
                "draggable": true,
                "id": "jcW7Qq6Q",
                "modal": false,
                "overlayDismiss": false,
                "position": {
                  "height": 500,
                  "relativeLocation": "center",
                  "width": 500
                },
                "positionType": "relative",
                "resizable": true,
                "showCloseIcon": true,
                "type": "open",
                "viewPath": "DATA",
                "viewportBound": false
              },
              "scope": "C",
              "type": "popup"
            }
          }
        },
        "meta": {
          "name": "RadioGroup_11"
        },
        "position": {
          "height": 35,
          "width": 155,
          "x": 242.5,
          "y": 545
        },
        "propConfig": {
          "props.unselectedIcon.color.enabled": {
            "binding": {
              "config": {
                "fallbackDelay": 2.5,
                "mode": "direct",
                "tagPath": ""
              },
              "transforms": [
                {
                  "fallback": "#D5D5D5",
                  "inputType": "scalar",
                  "mappings": [
                    {
                      "input": true,
                      "output": "#47FFFF"
                    },
                    {
                      "input": false,
                      "output": "#FFFF47"
                    }
                  ],
                  "outputType": "color",
                  "type": "map"
                }
              ],
              "type": "tag"
            }
          }
        },
        "props": {
          "unselectedIcon": {
            "color": {}
          },
          "value": "KSDGLKAJFH"
        },
        "type": "ia.input.radio-group"
      },
      {
        "events": {
          "dom": {
            "onClick": {
              "config": {
                "draggable": true,
                "id": "jcW7Qq6Q",
                "modal": false,
                "overlayDismiss": false,
                "position": {
                  "height": 500,
                  "relativeLocation": "center",
                  "width": 500
                },
                "positionType": "relative",
                "resizable": true,
                "showCloseIcon": true,
                "type": "open",
                "viewPath": "DATA",
                "viewportBound": false
              },
              "scope": "C",
              "type": "popup"
            }
          }
        },
        "meta": {
          "name": "RadioGroup_28"
        },
        "position": {
          "height": 35,
          "width": 155,
          "x": 434,
          "y": 610
        },
        "propConfig": {
          "props.unselectedIcon.color.enabled": {
            "binding": {
              "config": {
                "fallbackDelay": 2.5,
                "mode": "direct",
                "tagPath": ""
              },
              "transforms": [
                {
                  "fallback": "#D5D5D5",
                  "inputType": "scalar",
                  "mappings": [
                    {
                      "input": true,
                      "output": "#47FFFF"
                    },
                    {
                      "input": false,
                      "output": "#FFFF47"
                    }
                  ],
                  "outputType": "color",
                  "type": "map"
                }
              ],
              "type": "tag"
            }
          }
        },
        "props": {
          "unselectedIcon": {
            "color": {}
          },
          "value": "KSDGLKAJFH"
        },
        "type": "ia.input.radio-group"
      },
      {
        "events": {
          "dom": {
            "onClick": {
              "config": {
                "draggable": true,
                "id": "jcW7Qq6Q",
                "modal": false,
                "overlayDismiss": false,
                "position": {
                  "height": 500,
                  "relativeLocation": "center",
                  "width": 500
                },
                "positionType": "relative",
                "resizable": true,
                "showCloseIcon": true,
                "type": "open",
                "viewPath": "DATA",
                "viewportBound": false
              },
              "scope": "C",
              "type": "popup"
            }
          }
        },
        "meta": {
          "name": "RadioGroup_26"
        },
        "position": {
          "height": 35,
          "width": 155,
          "x": 36.5,
          "y": 610
        },
        "propConfig": {
          "props.unselectedIcon.color.enabled": {
            "binding": {
              "config": {
                "fallbackDelay": 2.5,
                "mode": "direct",
                "tagPath": ""
              },
              "transforms": [
                {
                  "fallback": "#D5D5D5",
                  "inputType": "scalar",
                  "mappings": [
                    {
                      "input": true,
                      "output": "#47FFFF"
                    },
                    {
                      "input": false,
                      "output": "#FFFF47"
                    }
                  ],
                  "outputType": "color",
                  "type": "map"
                }
              ],
              "type": "tag"
            }
          }
        },
        "props": {
          "unselectedIcon": {
            "color": {}
          },
          "value": "KSDGLKAJFH"
        },
        "type": "ia.input.radio-group"
      },
      {
        "events": {
          "dom": {
            "onClick": {
              "config": {
                "draggable": true,
                "id": "jcW7Qq6Q",
                "modal": false,
                "overlayDismiss": false,
                "position": {
                  "height": 500,
                  "relativeLocation": "center",
                  "width": 500
                },
                "positionType": "relative",
                "resizable": true,
                "showCloseIcon": true,
                "type": "open",
                "viewPath": "DATA",
                "viewportBound": false
              },
              "scope": "C",
              "type": "popup"
            }
          }
        },
        "meta": {
          "name": "RadioGroup_27"
        },
        "position": {
          "height": 35,
          "width": 155,
          "x": 242.5,
          "y": 610
        },
        "propConfig": {
          "props.unselectedIcon.color.enabled": {
            "binding": {
              "config": {
                "fallbackDelay": 2.5,
                "mode": "direct",
                "tagPath": ""
              },
              "transforms": [
                {
                  "fallback": "#D5D5D5",
                  "inputType": "scalar",
                  "mappings": [
                    {
                      "input": true,
                      "output": "#47FFFF"
                    },
                    {
                      "input": false,
                      "output": "#FFFF47"
                    }
                  ],
                  "outputType": "color",
                  "type": "map"
                }
              ],
              "type": "tag"
            }
          }
        },
        "props": {
          "unselectedIcon": {
            "color": {}
          },
          "value": "KSDGLKAJFH"
        },
        "type": "ia.input.radio-group"
      },
      {
        "events": {
          "dom": {
            "onClick": {
              "config": {
                "draggable": true,
                "id": "jcW7Qq6Q",
                "modal": false,
                "overlayDismiss": false,
                "position": {
                  "height": 500,
                  "relativeLocation": "center",
                  "width": 500
                },
                "positionType": "relative",
                "resizable": true,
                "showCloseIcon": true,
                "type": "open",
                "viewPath": "DATA",
                "viewportBound": false
              },
              "scope": "C",
              "type": "popup"
            }
          }
        },
        "meta": {
          "name": "RadioGroup_25"
        },
        "position": {
          "height": 35,
          "width": 155,
          "x": 434,
          "y": 675
        },
        "propConfig": {
          "props.unselectedIcon.color.enabled": {
            "binding": {
              "config": {
                "fallbackDelay": 2.5,
                "mode": "direct",
                "tagPath": ""
              },
              "transforms": [
                {
                  "fallback": "#D5D5D5",
                  "inputType": "scalar",
                  "mappings": [
                    {
                      "input": true,
                      "output": "#47FFFF"
                    },
                    {
                      "input": false,
                      "output": "#FFFF47"
                    }
                  ],
                  "outputType": "color",
                  "type": "map"
                }
              ],
              "type": "tag"
            }
          }
        },
        "props": {
          "unselectedIcon": {
            "color": {}
          },
          "value": "KSDGLKAJFH"
        },
        "type": "ia.input.radio-group"
      },
      {
        "events": {
          "dom": {
            "onClick": {
              "config": {
                "draggable": true,
                "id": "jcW7Qq6Q",
                "modal": false,
                "overlayDismiss": false,
                "position": {
                  "height": 500,
                  "relativeLocation": "center",
                  "width": 500
                },
                "positionType": "relative",
                "resizable": true,
                "showCloseIcon": true,
                "type": "open",
                "viewPath": "DATA",
                "viewportBound": false
              },
              "scope": "C",
              "type": "popup"
            }
          }
        },
        "meta": {
          "name": "RadioGroup_23"
        },
        "position": {
          "height": 35,
          "width": 155,
          "x": 36.5,
          "y": 675
        },
        "propConfig": {
          "props.unselectedIcon.color.enabled": {
            "binding": {
              "config": {
                "fallbackDelay": 2.5,
                "mode": "direct",
                "tagPath": ""
              },
              "transforms": [
                {
                  "fallback": "#D5D5D5",
                  "inputType": "scalar",
                  "mappings": [
                    {
                      "input": true,
                      "output": "#47FFFF"
                    },
                    {
                      "input": false,
                      "output": "#FFFF47"
                    }
                  ],
                  "outputType": "color",
                  "type": "map"
                }
              ],
              "type": "tag"
            }
          }
        },
        "props": {
          "unselectedIcon": {
            "color": {}
          },
          "value": "KSDGLKAJFH"
        },
        "type": "ia.input.radio-group"
      },
      {
        "events": {
          "dom": {
            "onClick": {
              "config": {
                "draggable": true,
                "id": "jcW7Qq6Q",
                "modal": false,
                "overlayDismiss": false,
                "position": {
                  "height": 500,
                  "relativeLocation": "center",
                  "width": 500
                },
                "positionType": "relative",
                "resizable": true,
                "showCloseIcon": true,
                "type": "open",
                "viewPath": "DATA",
                "viewportBound": false
              },
              "scope": "C",
              "type": "popup"
            }
          }
        },
        "meta": {
          "name": "RadioGroup_24"
        },
        "position": {
          "height": 35,
          "width": 155,
          "x": 242.5,
          "y": 675
        },
        "propConfig": {
          "props.unselectedIcon.color.enabled": {
            "binding": {
              "config": {
                "fallbackDelay": 2.5,
                "mode": "direct",
                "tagPath": ""
              },
              "transforms": [
                {
                  "fallback": "#D5D5D5",
                  "inputType": "scalar",
                  "mappings": [
                    {
                      "input": true,
                      "output": "#47FFFF"
                    },
                    {
                      "input": false,
                      "output": "#FFFF47"
                    }
                  ],
                  "outputType": "color",
                  "type": "map"
                }
              ],
              "type": "tag"
            }
          }
        },
        "props": {
          "unselectedIcon": {
            "color": {}
          },
          "value": "KSDGLKAJFH"
        },
        "type": "ia.input.radio-group"
      },
      {
        "events": {
          "dom": {
            "onClick": {
              "config": {
                "params": {},
                "view": "MAIN_SCADA"
              },
              "scope": "C",
              "type": "nav"
            }
          }
        },
        "meta": {
          "name": "Button_main"
        },
        "position": {
          "height": 44,
          "rotate": {
            "anchor": "50% 25%"
          },
          "width": 100,
          "x": 672.006,
          "y": 740
        },
        "props": {
          "image": {
            "height": 30,
            "width": 50
          },
          "text": "EXIT"
        },
        "type": "ia.input.button"
      },
      {
        "events": {
          "dom": {
            "onClick": {
              "config": {
                "draggable": true,
                "id": "aI1GsS_R",
                "modal": false,
                "overlayDismiss": false,
                "resizable": true,
                "showCloseIcon": true,
                "type": "open",
                "viewPath": "VERIFICACION",
                "viewportBound": false
              },
              "scope": "C",
              "type": "popup"
            }
          }
        },
        "meta": {
          "name": "Button_alarma_0"
        },
        "position": {
          "height": 44,
          "width": 100,
          "x": 672.006,
          "y": 378
        },
        "props": {
          "image": {
            "height": 30,
            "width": 50
          },
          "text": "SERVICIOS"
        },
        "type": "ia.input.button"
      }
    ],
    "meta": {
      "name": "root"
    },
    "position": {
      "x": 11.5,
      "y": -30
    },
    "type": "ia.container.coord"
  }
}