{
  "custom": {},
  "params": {},
  "props": {},
  "root": {
    "children": [
      {
        "meta": {
          "name": "MenuTree"
        },
        "position": {
          "height": 800,
          "width": 155,
          "x": 645
        },
        "props": {
          "items": [
            {
              "enabled": true,
              "items": [
                {
                  "enabled": true,
                  "items": [],
                  "label": {
                    "icon": {
                      "path": ""
                    },
                    "text": "Submenu item 1"
                  },
                  "navIcon": {
                    "path": ""
                  },
                  "showHeader": true,
                  "style": {
                    "classes": ""
                  },
                  "target": "",
                  "visible": true
                },
                {
                  "enabled": true,
                  "items": [],
                  "label": {
                    "icon": {
                      "path": ""
                    },
                    "text": "Submenu item 2"
                  },
                  "navIcon": {
                    "path": ""
                  },
                  "showHeader": true,
                  "style": {
                    "classes": ""
                  },
                  "target": "",
                  "visible": true
                }
              ],
              "label": {
                "icon": {
                  "path": "material/list"
                },
                "text": "Main"
              },
              "navIcon": {
                "color": "",
                "path": "material/chevron_right"
              },
              "showHeader": true,
              "style": {
                "classes": ""
              },
              "target": "",
              "visible": true
            },
            {
              "enabled": true,
              "items": [],
              "label": {
                "icon": {
                  "path": ""
                },
                "text": "Parámetros"
              },
              "navIcon": {
                "color": "",
                "path": "material/chevron_right"
              },
              "showHeader": true,
              "style": {
                "classes": "",
                "padding": 10
              },
              "target": "",
              "visible": true
            },
            {
              "enabled": true,
              "items": [],
              "label": {
                "icon": {
                  "path": ""
                },
                "text": "Alarmas"
              },
              "navIcon": {
                "color": "",
                "path": "material/chevron_right"
              },
              "showHeader": true,
              "style": {
                "classes": "",
                "padding": 10
              },
              "target": "",
              "visible": true
            },
            {
              "enabled": true,
              "items": [],
              "label": {
                "icon": {
                  "path": ""
                },
                "text": "Servicios"
              },
              "navIcon": {
                "color": "",
                "path": "material/chevron_right"
              },
              "showHeader": true,
              "style": {
                "classes": "",
                "padding": 10
              },
              "target": "",
              "visible": true
            }
          ],
          "layoutAlignment": "right"
        },
        "type": "ia.navigation.menutree"
      },
      {
        "events": {
          "dom": {
            "onClick": {
              "config": {
                "params": {},
                "view": "MAIN_SCADA"
              },
              "scope": "C",
              "type": "nav"
            }
          }
        },
        "meta": {
          "name": "Button_main"
        },
        "position": {
          "height": 44,
          "rotate": {
            "anchor": "50% 25%"
          },
          "width": 100,
          "x": 695.506,
          "y": 743
        },
        "props": {
          "image": {
            "height": 30,
            "width": 50
          },
          "text": "EXIT"
        },
        "type": "ia.input.button"
      }
    ],
    "meta": {
      "name": "root"
    },
    "type": "ia.container.coord"
  }
}