{
  "custom": {},
  "params": {},
  "props": {},
  "root": {
    "children": [
      {
        "events": {
          "dom": {
            "onClick": {
              "config": {
                "params": {},
                "view": "SCADA_ALARMA"
              },
              "scope": "C",
              "type": "nav"
            }
          }
        },
        "meta": {
          "name": "Button_alarma"
        },
        "position": {
          "height": 44,
          "width": 100,
          "x": 411.50625,
          "y": 27
        },
        "props": {
          "image": {
            "height": 30,
            "width": 50
          },
          "text": "ALARMAS"
        },
        "type": "ia.input.button"
      },
      {
        "events": {
          "dom": {
            "onClick": {
              "config": {
                "params": {},
                "view": "MAIN_SCADA"
              },
              "scope": "C",
              "type": "nav"
            }
          }
        },
        "meta": {
          "name": "Button_main"
        },
        "position": {
          "height": 44,
          "rotate": {
            "anchor": "50% 25%"
          },
          "width": 100,
          "x": 36.50625000000002,
          "y": 27
        },
        "props": {
          "image": {
            "height": 30,
            "width": 50
          },
          "text": "MAIN"
        },
        "type": "ia.input.button"
      },
      {
        "events": {
          "dom": {
            "onClick": {
              "config": {
                "params": {},
                "view": "SCADA_SERVICIOS"
              },
              "scope": "C",
              "type": "nav"
            }
          }
        },
        "meta": {
          "name": "Button_servicios"
        },
        "position": {
          "height": 44,
          "rotate": {
            "anchor": "50% 25%"
          },
          "width": 100,
          "x": 161.50625000000002,
          "y": 27
        },
        "props": {
          "image": {
            "height": 30,
            "width": 50
          },
          "text": "SERVICIOS"
        },
        "type": "ia.input.button"
      },
      {
        "events": {
          "dom": {
            "onClick": {
              "config": {
                "params": {},
                "view": "SCADA_ALMACEN"
              },
              "scope": "C",
              "type": "nav"
            }
          }
        },
        "meta": {
          "name": "Button_almacen"
        },
        "position": {
          "height": 44,
          "width": 100,
          "x": 286.50625,
          "y": 27
        },
        "props": {
          "image": {
            "height": 30,
            "width": 50
          },
          "text": "ALMACEN"
        },
        "type": "ia.input.button"
      },
      {
        "meta": {
          "name": "Progress"
        },
        "position": {
          "height": 20,
          "width": 200,
          "x": 511.5,
          "y": 224
        },
        "type": "ia.display.progress"
      },
      {
        "meta": {
          "name": "LinearScale"
        },
        "position": {
          "height": 175,
          "width": 75,
          "x": 47,
          "y": 164
        },
        "props": {
          "indicators": [
            {
              "color": "",
              "extent": 15,
              "indicatorStyle": "range",
              "label": "High",
              "labelAngle": 270,
              "labelColor": "",
              "length": 25,
              "opacity": 0.4,
              "stroke": 1.5,
              "value": 85
            },
            {
              "color": "",
              "extent": 2,
              "indicatorStyle": "wedge",
              "label": "Low",
              "labelAngle": 270,
              "labelColor": "",
              "length": 25,
              "opacity": 1,
              "stroke": 2,
              "value": 20
            }
          ]
        },
        "type": "ia.display.linear-scale"
      },
      {
        "meta": {
          "name": "TextArea"
        },
        "position": {
          "height": 40,
          "width": 130,
          "x": 546.5,
          "y": 164
        },
        "props": {
          "text": "lshddddddlhclks"
        },
        "type": "ia.input.text-area"
      },
      {
        "meta": {
          "name": "TextArea_0"
        },
        "position": {
          "height": 40,
          "width": 130,
          "x": 19.5,
          "y": 362
        },
        "props": {
          "text": "lshddddddlhclks"
        },
        "type": "ia.input.text-area"
      },
      {
        "meta": {
          "name": "TextArea_1"
        },
        "position": {
          "height": 40,
          "width": 130,
          "x": 546.5,
          "y": 269
        },
        "props": {
          "text": "lshddddddlhclks"
        },
        "type": "ia.input.text-area"
      },
      {
        "meta": {
          "name": "TextArea_2"
        },
        "position": {
          "height": 40,
          "width": 130,
          "x": 173.5,
          "y": 362
        },
        "props": {
          "text": "lshddddddlhclks"
        },
        "type": "ia.input.text-area"
      },
      {
        "meta": {
          "name": "LinearScale_0"
        },
        "position": {
          "height": 175,
          "width": 75,
          "x": 201,
          "y": 164
        },
        "props": {
          "indicators": [
            {
              "color": "",
              "extent": 15,
              "indicatorStyle": "range",
              "label": "High",
              "labelAngle": 270,
              "labelColor": "",
              "length": 25,
              "opacity": 0.4,
              "stroke": 1.5,
              "value": 85
            },
            {
              "color": "",
              "extent": 2,
              "indicatorStyle": "wedge",
              "label": "Low",
              "labelAngle": 270,
              "labelColor": "",
              "length": 25,
              "opacity": 1,
              "stroke": 2,
              "value": 20
            }
          ]
        },
        "type": "ia.display.linear-scale"
      },
      {
        "meta": {
          "name": "Progress_1"
        },
        "position": {
          "height": 20,
          "width": 200,
          "x": 511.5,
          "y": 329
        },
        "type": "ia.display.progress"
      },
      {
        "meta": {
          "name": "TextArea_3"
        },
        "position": {
          "height": 40,
          "width": 130,
          "x": 546.5,
          "y": 269
        },
        "props": {
          "text": "lshddddddlhclks"
        },
        "type": "ia.input.text-area"
      },
      {
        "meta": {
          "name": "Progress_2"
        },
        "position": {
          "height": 20,
          "width": 200,
          "x": 511.5,
          "y": 224
        },
        "type": "ia.display.progress"
      },
      {
        "meta": {
          "name": "TextArea_4"
        },
        "position": {
          "height": 40,
          "width": 130,
          "x": 546.5,
          "y": 372
        },
        "props": {
          "text": "lshddddddlhclks"
        },
        "type": "ia.input.text-area"
      },
      {
        "meta": {
          "name": "Progress_0"
        },
        "position": {
          "height": 20,
          "width": 200,
          "x": 511.5,
          "y": 437
        },
        "type": "ia.display.progress"
      },
      {
        "meta": {
          "name": "Progress_3"
        },
        "position": {
          "height": 20,
          "width": 200,
          "x": 511.5,
          "y": 754
        },
        "type": "ia.display.progress"
      },
      {
        "meta": {
          "name": "TextArea_5"
        },
        "position": {
          "height": 40,
          "width": 130,
          "x": 546.5,
          "y": 689
        },
        "props": {
          "text": "lshddddddlhclks"
        },
        "type": "ia.input.text-area"
      },
      {
        "meta": {
          "name": "Progress_4"
        },
        "position": {
          "height": 20,
          "width": 200,
          "x": 511.5,
          "y": 646
        },
        "type": "ia.display.progress"
      },
      {
        "meta": {
          "name": "TextArea_6"
        },
        "position": {
          "height": 40,
          "width": 130,
          "x": 546.5,
          "y": 586
        },
        "props": {
          "text": "lshddddddlhclks"
        },
        "type": "ia.input.text-area"
      },
      {
        "meta": {
          "name": "TextArea_7"
        },
        "position": {
          "height": 40,
          "width": 130,
          "x": 546.5,
          "y": 586
        },
        "props": {
          "text": "lshddddddlhclks"
        },
        "type": "ia.input.text-area"
      },
      {
        "meta": {
          "name": "Progress_5"
        },
        "position": {
          "height": 20,
          "width": 200,
          "x": 511.5,
          "y": 541
        },
        "type": "ia.display.progress"
      },
      {
        "meta": {
          "name": "Progress_6"
        },
        "position": {
          "height": 20,
          "width": 200,
          "x": 511.5,
          "y": 541
        },
        "type": "ia.display.progress"
      },
      {
        "meta": {
          "name": "TextArea_8"
        },
        "position": {
          "height": 40,
          "width": 130,
          "x": 546.5,
          "y": 481
        },
        "props": {
          "text": "lshddddddlhclks"
        },
        "type": "ia.input.text-area"
      },
      {
        "meta": {
          "name": "TextArea_9"
        },
        "position": {
          "height": 40,
          "width": 130,
          "x": 329.5,
          "y": 362
        },
        "props": {
          "text": "lshddddddlhclks"
        },
        "type": "ia.input.text-area"
      },
      {
        "meta": {
          "name": "LinearScale_1"
        },
        "position": {
          "height": 175,
          "width": 75,
          "x": 357,
          "y": 164
        },
        "props": {
          "indicators": [
            {
              "color": "",
              "extent": 15,
              "indicatorStyle": "range",
              "label": "High",
              "labelAngle": 270,
              "labelColor": "",
              "length": 25,
              "opacity": 0.4,
              "stroke": 1.5,
              "value": 85
            },
            {
              "color": "",
              "extent": 2,
              "indicatorStyle": "wedge",
              "label": "Low",
              "labelAngle": 270,
              "labelColor": "",
              "length": 25,
              "opacity": 1,
              "stroke": 2,
              "value": 20
            }
          ]
        },
        "type": "ia.display.linear-scale"
      },
      {
        "meta": {
          "name": "TextArea_10"
        },
        "position": {
          "height": 40,
          "width": 130,
          "x": 21.5,
          "y": 626
        },
        "props": {
          "text": "lshddddddlhclks"
        },
        "type": "ia.input.text-area"
      },
      {
        "meta": {
          "name": "TextArea_11"
        },
        "position": {
          "height": 40,
          "width": 130,
          "x": 175.5,
          "y": 626
        },
        "props": {
          "text": "lshddddddlhclks"
        },
        "type": "ia.input.text-area"
      },
      {
        "meta": {
          "name": "TextArea_12"
        },
        "position": {
          "height": 40,
          "width": 130,
          "x": 331.5,
          "y": 626
        },
        "props": {
          "text": "lshddddddlhclks"
        },
        "type": "ia.input.text-area"
      },
      {
        "meta": {
          "name": "LinearScale_2"
        },
        "position": {
          "height": 175,
          "width": 75,
          "x": 49,
          "y": 428
        },
        "props": {
          "indicators": [
            {
              "color": "",
              "extent": 15,
              "indicatorStyle": "range",
              "label": "High",
              "labelAngle": 270,
              "labelColor": "",
              "length": 25,
              "opacity": 0.4,
              "stroke": 1.5,
              "value": 85
            },
            {
              "color": "",
              "extent": 2,
              "indicatorStyle": "wedge",
              "label": "Low",
              "labelAngle": 270,
              "labelColor": "",
              "length": 25,
              "opacity": 1,
              "stroke": 2,
              "value": 20
            }
          ]
        },
        "type": "ia.display.linear-scale"
      },
      {
        "meta": {
          "name": "LinearScale_3"
        },
        "position": {
          "height": 175,
          "width": 75,
          "x": 203,
          "y": 428
        },
        "props": {
          "indicators": [
            {
              "color": "",
              "extent": 15,
              "indicatorStyle": "range",
              "label": "High",
              "labelAngle": 270,
              "labelColor": "",
              "length": 25,
              "opacity": 0.4,
              "stroke": 1.5,
              "value": 85
            },
            {
              "color": "",
              "extent": 2,
              "indicatorStyle": "wedge",
              "label": "Low",
              "labelAngle": 270,
              "labelColor": "",
              "length": 25,
              "opacity": 1,
              "stroke": 2,
              "value": 20
            }
          ]
        },
        "type": "ia.display.linear-scale"
      },
      {
        "meta": {
          "name": "LinearScale_4"
        },
        "position": {
          "height": 175,
          "width": 75,
          "x": 359,
          "y": 428
        },
        "props": {
          "indicators": [
            {
              "color": "",
              "extent": 15,
              "indicatorStyle": "range",
              "label": "High",
              "labelAngle": 270,
              "labelColor": "",
              "length": 25,
              "opacity": 0.4,
              "stroke": 1.5,
              "value": 85
            },
            {
              "color": "",
              "extent": 2,
              "indicatorStyle": "wedge",
              "label": "Low",
              "labelAngle": 270,
              "labelColor": "",
              "length": 25,
              "opacity": 1,
              "stroke": 2,
              "value": 20
            }
          ]
        },
        "type": "ia.display.linear-scale"
      }
    ],
    "meta": {
      "name": "root"
    },
    "type": "ia.container.coord"
  }
}