{
  "custom": {},
  "params": {},
  "props": {},
  "root": {
    "children": [
      {
        "meta": {
          "name": "Label_35"
        },
        "position": {
          "height": 505,
          "rotate": {
            "anchor": "-44% -94%"
          },
          "width": 758,
          "x": 21,
          "y": 154
        },
        "props": {
          "style": {
            "backgroundColor": "#D5D5D5"
          }
        },
        "type": "ia.display.label"
      },
      {
        "events": {
          "dom": {
            "onClick": {
              "config": {
                "params": {},
                "view": "SCADA_ALARMA"
              },
              "scope": "C",
              "type": "nav"
            }
          }
        },
        "meta": {
          "name": "Button_alarma"
        },
        "position": {
          "height": 44,
          "width": 100,
          "x": 411.50625,
          "y": 27
        },
        "props": {
          "image": {
            "height": 30,
            "width": 50
          },
          "text": "ALARMAS"
        },
        "type": "ia.input.button"
      },
      {
        "events": {
          "dom": {
            "onClick": {
              "config": {
                "params": {},
                "view": "MAIN_SCADA"
              },
              "scope": "C",
              "type": "nav"
            }
          }
        },
        "meta": {
          "name": "Button_main"
        },
        "position": {
          "height": 44,
          "rotate": {
            "anchor": "50% 25%"
          },
          "width": 100,
          "x": 36.50625000000002,
          "y": 27
        },
        "props": {
          "image": {
            "height": 30,
            "width": 50
          },
          "text": "MAIN"
        },
        "type": "ia.input.button"
      },
      {
        "events": {
          "dom": {
            "onClick": {
              "config": {
                "params": {},
                "view": "SCADA_SERVICIOS"
              },
              "scope": "C",
              "type": "nav"
            }
          }
        },
        "meta": {
          "name": "Button_servicios"
        },
        "position": {
          "height": 44,
          "rotate": {
            "anchor": "50% 25%"
          },
          "width": 100,
          "x": 161.50625000000002,
          "y": 27
        },
        "props": {
          "image": {
            "height": 30,
            "width": 50
          },
          "text": "SERVICIOS"
        },
        "type": "ia.input.button"
      },
      {
        "events": {
          "dom": {
            "onClick": {
              "config": {
                "params": {},
                "view": "SCADA_ALMACEN"
              },
              "scope": "C",
              "type": "nav"
            }
          }
        },
        "meta": {
          "name": "Button_almacen"
        },
        "position": {
          "height": 44,
          "width": 100,
          "x": 286.50625,
          "y": 27
        },
        "props": {
          "image": {
            "height": 30,
            "width": 50
          },
          "text": "ALMACEN"
        },
        "type": "ia.input.button"
      },
      {
        "meta": {
          "name": "Progress"
        },
        "position": {
          "height": 20,
          "width": 200,
          "x": 291.3,
          "y": 224
        },
        "type": "ia.display.progress"
      },
      {
        "meta": {
          "name": "Progress_2"
        },
        "position": {
          "height": 20,
          "width": 200,
          "x": 291.3,
          "y": 224
        },
        "props": {
          "value": 10
        },
        "type": "ia.display.progress"
      },
      {
        "events": {
          "dom": {
            "onClick": {
              "config": {
                "params": {},
                "view": "SCADA_INFORME"
              },
              "scope": "C",
              "type": "nav"
            }
          }
        },
        "meta": {
          "name": "Button_alarma_0"
        },
        "position": {
          "height": 44,
          "width": 100,
          "x": 541,
          "y": 27
        },
        "props": {
          "image": {
            "height": 30,
            "width": 50
          },
          "text": "INFORME"
        },
        "type": "ia.input.button"
      },
      {
        "meta": {
          "name": "Label"
        },
        "position": {
          "height": 32,
          "width": 170,
          "x": 306.3,
          "y": 191
        },
        "props": {
          "text": "Bujes"
        },
        "type": "ia.display.label"
      },
      {
        "meta": {
          "name": "Label_0"
        },
        "position": {
          "height": 32,
          "width": 46,
          "x": 291.796875,
          "y": 244
        },
        "props": {
          "text": "Vacío "
        },
        "type": "ia.display.label"
      },
      {
        "meta": {
          "name": "Label_1"
        },
        "position": {
          "height": 32,
          "width": 46,
          "x": 445.296875,
          "y": 244
        },
        "props": {
          "text": "Lleno"
        },
        "type": "ia.display.label"
      },
      {
        "meta": {
          "name": "Label_2"
        },
        "position": {
          "height": 32,
          "width": 46,
          "x": 291.797,
          "y": 348
        },
        "props": {
          "text": "Vacío "
        },
        "type": "ia.display.label"
      },
      {
        "meta": {
          "name": "Label_3"
        },
        "position": {
          "height": 32,
          "width": 46,
          "x": 445.297,
          "y": 348
        },
        "props": {
          "text": "Lleno"
        },
        "type": "ia.display.label"
      },
      {
        "meta": {
          "name": "Progress_0"
        },
        "position": {
          "height": 20,
          "width": 200,
          "x": 291.3,
          "y": 328
        },
        "type": "ia.display.progress"
      },
      {
        "meta": {
          "name": "Progress_3"
        },
        "position": {
          "height": 20,
          "width": 200,
          "x": 291.3,
          "y": 328
        },
        "props": {
          "value": 23
        },
        "type": "ia.display.progress"
      },
      {
        "meta": {
          "name": "Label_4"
        },
        "position": {
          "height": 32,
          "width": 170,
          "x": 306.3,
          "y": 295
        },
        "props": {
          "text": "Llantas"
        },
        "type": "ia.display.label"
      },
      {
        "meta": {
          "name": "Label_5"
        },
        "position": {
          "height": 32,
          "width": 46,
          "x": 445.297,
          "y": 556
        },
        "props": {
          "text": "Lleno"
        },
        "type": "ia.display.label"
      },
      {
        "meta": {
          "name": "Progress_1"
        },
        "position": {
          "height": 20,
          "width": 200,
          "x": 291.3,
          "y": 536
        },
        "type": "ia.display.progress"
      },
      {
        "meta": {
          "name": "Progress_4"
        },
        "position": {
          "height": 20,
          "width": 200,
          "x": 291.3,
          "y": 536
        },
        "props": {
          "value": 77
        },
        "type": "ia.display.progress"
      },
      {
        "meta": {
          "name": "Label_6"
        },
        "position": {
          "height": 32,
          "width": 170,
          "x": 306.3,
          "y": 503
        },
        "props": {
          "text": "Rines"
        },
        "type": "ia.display.label"
      },
      {
        "meta": {
          "name": "Label_7"
        },
        "position": {
          "height": 32,
          "width": 46,
          "x": 291.797,
          "y": 556
        },
        "props": {
          "text": "Vacío "
        },
        "type": "ia.display.label"
      },
      {
        "meta": {
          "name": "Label_8"
        },
        "position": {
          "height": 32,
          "width": 46,
          "x": 291.797,
          "y": 452
        },
        "props": {
          "text": "Vacío "
        },
        "type": "ia.display.label"
      },
      {
        "meta": {
          "name": "Label_9"
        },
        "position": {
          "height": 32,
          "width": 46,
          "x": 445.297,
          "y": 452
        },
        "props": {
          "text": "Lleno"
        },
        "type": "ia.display.label"
      },
      {
        "meta": {
          "name": "Progress_5"
        },
        "position": {
          "height": 20,
          "width": 200,
          "x": 291.3,
          "y": 432
        },
        "type": "ia.display.progress"
      },
      {
        "meta": {
          "name": "Progress_6"
        },
        "position": {
          "height": 20,
          "width": 200,
          "x": 291.3,
          "y": 432
        },
        "props": {
          "value": 30
        },
        "type": "ia.display.progress"
      },
      {
        "meta": {
          "name": "Label_10"
        },
        "position": {
          "height": 32,
          "width": 170,
          "x": 306.3,
          "y": 399
        },
        "props": {
          "text": "Neumáticos"
        },
        "type": "ia.display.label"
      },
      {
        "meta": {
          "name": "Label_11"
        },
        "position": {
          "height": 32,
          "width": 46,
          "x": 710.297,
          "y": 556
        },
        "props": {
          "text": "Lleno"
        },
        "type": "ia.display.label"
      },
      {
        "meta": {
          "name": "Progress_7"
        },
        "position": {
          "height": 20,
          "width": 200,
          "x": 556.3,
          "y": 536
        },
        "type": "ia.display.progress"
      },
      {
        "meta": {
          "name": "Progress_8"
        },
        "position": {
          "height": 20,
          "width": 200,
          "x": 556.3,
          "y": 536
        },
        "props": {
          "value": 34
        },
        "type": "ia.display.progress"
      },
      {
        "meta": {
          "name": "Label_12"
        },
        "position": {
          "height": 32,
          "width": 46,
          "x": 556.797,
          "y": 556
        },
        "props": {
          "text": "Vacío "
        },
        "type": "ia.display.label"
      },
      {
        "meta": {
          "name": "Label_13"
        },
        "position": {
          "height": 32,
          "width": 170,
          "x": 571.3,
          "y": 503
        },
        "props": {
          "text": "Cadenas"
        },
        "type": "ia.display.label"
      },
      {
        "meta": {
          "name": "Label_14"
        },
        "position": {
          "height": 32,
          "width": 46,
          "x": 556.797,
          "y": 452
        },
        "props": {
          "text": "Vacío "
        },
        "type": "ia.display.label"
      },
      {
        "meta": {
          "name": "Label_15"
        },
        "position": {
          "height": 32,
          "width": 46,
          "x": 710.297,
          "y": 452
        },
        "props": {
          "text": "Lleno"
        },
        "type": "ia.display.label"
      },
      {
        "meta": {
          "name": "Progress_9"
        },
        "position": {
          "height": 20,
          "width": 200,
          "x": 556.3,
          "y": 432
        },
        "type": "ia.display.progress"
      },
      {
        "meta": {
          "name": "Progress_10"
        },
        "position": {
          "height": 20,
          "width": 200,
          "x": 556.3,
          "y": 432
        },
        "type": "ia.display.progress"
      },
      {
        "meta": {
          "name": "Label_16"
        },
        "position": {
          "height": 32,
          "width": 170,
          "x": 571.3,
          "y": 399
        },
        "props": {
          "text": "Piñones"
        },
        "type": "ia.display.label"
      },
      {
        "meta": {
          "name": "Label_17"
        },
        "position": {
          "height": 32,
          "width": 46,
          "x": 556.797,
          "y": 348
        },
        "props": {
          "text": "Vacío "
        },
        "type": "ia.display.label"
      },
      {
        "meta": {
          "name": "Label_18"
        },
        "position": {
          "height": 32,
          "width": 46,
          "x": 710.297,
          "y": 348
        },
        "props": {
          "text": "Lleno"
        },
        "type": "ia.display.label"
      },
      {
        "meta": {
          "name": "Progress_11"
        },
        "position": {
          "height": 20,
          "width": 200,
          "x": 556.3,
          "y": 328
        },
        "type": "ia.display.progress"
      },
      {
        "meta": {
          "name": "Progress_12"
        },
        "position": {
          "height": 20,
          "width": 200,
          "x": 556.3,
          "y": 328
        },
        "props": {
          "value": 85
        },
        "type": "ia.display.progress"
      },
      {
        "meta": {
          "name": "Label_19"
        },
        "position": {
          "height": 32,
          "width": 170,
          "x": 571.3,
          "y": 295
        },
        "props": {
          "text": "Pedales"
        },
        "type": "ia.display.label"
      },
      {
        "meta": {
          "name": "Label_20"
        },
        "position": {
          "height": 32,
          "width": 46,
          "x": 556.797,
          "y": 244
        },
        "props": {
          "text": "Vacío "
        },
        "type": "ia.display.label"
      },
      {
        "meta": {
          "name": "Label_21"
        },
        "position": {
          "height": 32,
          "width": 46,
          "x": 710.297,
          "y": 244
        },
        "props": {
          "text": "Lleno"
        },
        "type": "ia.display.label"
      },
      {
        "meta": {
          "name": "Progress_13"
        },
        "position": {
          "height": 20,
          "width": 200,
          "x": 556.3,
          "y": 224
        },
        "type": "ia.display.progress"
      },
      {
        "meta": {
          "name": "Progress_14"
        },
        "position": {
          "height": 20,
          "width": 200,
          "x": 556.3,
          "y": 224
        },
        "props": {
          "value": 56
        },
        "type": "ia.display.progress"
      },
      {
        "meta": {
          "name": "Label_22"
        },
        "position": {
          "height": 32,
          "width": 170,
          "x": 571.3,
          "y": 191
        },
        "props": {
          "text": "Radios"
        },
        "type": "ia.display.label"
      },
      {
        "meta": {
          "name": "Label_23"
        },
        "position": {
          "height": 32,
          "width": 46,
          "x": 181.297,
          "y": 556
        },
        "props": {
          "text": "Lleno"
        },
        "type": "ia.display.label"
      },
      {
        "meta": {
          "name": "Progress_15"
        },
        "position": {
          "height": 20,
          "width": 200,
          "x": 27.3,
          "y": 536
        },
        "type": "ia.display.progress"
      },
      {
        "meta": {
          "name": "Progress_16"
        },
        "position": {
          "height": 20,
          "width": 200,
          "x": 27.3,
          "y": 536
        },
        "props": {
          "value": 60
        },
        "type": "ia.display.progress"
      },
      {
        "meta": {
          "name": "Label_24"
        },
        "position": {
          "height": 32,
          "width": 46,
          "x": 27.797,
          "y": 556
        },
        "props": {
          "text": "Vacío "
        },
        "type": "ia.display.label"
      },
      {
        "meta": {
          "name": "Label_25"
        },
        "position": {
          "height": 32,
          "width": 170,
          "x": 42.3,
          "y": 503
        },
        "props": {
          "text": "Rodamientos"
        },
        "type": "ia.display.label"
      },
      {
        "meta": {
          "name": "Label_26"
        },
        "position": {
          "height": 32,
          "width": 46,
          "x": 27.797,
          "y": 452
        },
        "props": {
          "text": "Vacío "
        },
        "type": "ia.display.label"
      },
      {
        "meta": {
          "name": "Label_27"
        },
        "position": {
          "height": 32,
          "width": 46,
          "x": 181.297,
          "y": 452
        },
        "props": {
          "text": "Lleno"
        },
        "type": "ia.display.label"
      },
      {
        "meta": {
          "name": "Progress_17"
        },
        "position": {
          "height": 20,
          "width": 200,
          "x": 27.3,
          "y": 432
        },
        "type": "ia.display.progress"
      },
      {
        "meta": {
          "name": "Progress_18"
        },
        "position": {
          "height": 20,
          "width": 200,
          "x": 27.3,
          "y": 432
        },
        "props": {
          "value": 25
        },
        "type": "ia.display.progress"
      },
      {
        "meta": {
          "name": "Label_28"
        },
        "position": {
          "height": 32,
          "width": 170,
          "x": 42.3,
          "y": 399
        },
        "props": {
          "text": "Abrazaderas"
        },
        "type": "ia.display.label"
      },
      {
        "meta": {
          "name": "Label_29"
        },
        "position": {
          "height": 32,
          "width": 46,
          "x": 27.797,
          "y": 348
        },
        "props": {
          "text": "Vacío "
        },
        "type": "ia.display.label"
      },
      {
        "meta": {
          "name": "Label_30"
        },
        "position": {
          "height": 32,
          "width": 46,
          "x": 181.297,
          "y": 348
        },
        "props": {
          "text": "Lleno"
        },
        "type": "ia.display.label"
      },
      {
        "meta": {
          "name": "Progress_19"
        },
        "position": {
          "height": 20,
          "width": 200,
          "x": 27.3,
          "y": 328
        },
        "type": "ia.display.progress"
      },
      {
        "meta": {
          "name": "Progress_20"
        },
        "position": {
          "height": 20,
          "width": 200,
          "x": 27.3,
          "y": 328
        },
        "props": {
          "value": 99
        },
        "type": "ia.display.progress"
      },
      {
        "meta": {
          "name": "Label_31"
        },
        "position": {
          "height": 32,
          "width": 170,
          "x": 42.3,
          "y": 295
        },
        "props": {
          "text": "Mangos / Puños"
        },
        "type": "ia.display.label"
      },
      {
        "meta": {
          "name": "Label_32"
        },
        "position": {
          "height": 32,
          "width": 46,
          "x": 27.797,
          "y": 244
        },
        "props": {
          "text": "Vacío "
        },
        "type": "ia.display.label"
      },
      {
        "meta": {
          "name": "Label_33"
        },
        "position": {
          "height": 32,
          "width": 46,
          "x": 181.297,
          "y": 244
        },
        "props": {
          "text": "Lleno"
        },
        "type": "ia.display.label"
      },
      {
        "meta": {
          "name": "Progress_21"
        },
        "position": {
          "height": 20,
          "width": 200,
          "x": 27.3,
          "y": 224
        },
        "type": "ia.display.progress"
      },
      {
        "meta": {
          "name": "Progress_22"
        },
        "position": {
          "height": 20,
          "width": 200,
          "x": 27.3,
          "y": 224
        },
        "props": {
          "value": 85
        },
        "type": "ia.display.progress"
      },
      {
        "meta": {
          "name": "Label_34"
        },
        "position": {
          "height": 32,
          "width": 170,
          "x": 42.3,
          "y": 191
        },
        "props": {
          "text": "Sillines"
        },
        "type": "ia.display.label"
      }
    ],
    "meta": {
      "name": "root"
    },
    "type": "ia.container.coord"
  }
}