{
  "custom": {},
  "params": {},
  "props": {},
  "root": {
    "children": [
      {
        "meta": {
          "name": "MenuTree"
        },
        "position": {
          "height": 800,
          "width": 155,
          "x": 645
        },
        "props": {
          "items": [
            {
              "enabled": true,
              "items": [],
              "label": {
                "icon": {
                  "path": ""
                },
                "text": "Main"
              },
              "navIcon": {
                "color": "",
                "path": "material/chevron_right"
              },
              "showHeader": true,
              "style": {
                "classes": "",
                "padding": 10
              },
              "target": "/A",
              "visible": true
            },
            {
              "enabled": true,
              "items": [],
              "label": {
                "icon": {
                  "path": ""
                },
                "text": "Parámetros"
              },
              "navIcon": {
                "color": "",
                "path": "material/chevron_right"
              },
              "showHeader": true,
              "style": {
                "classes": "",
                "padding": 10
              },
              "target": "/new-page",
              "visible": true
            },
            {
              "enabled": true,
              "items": [],
              "label": {
                "icon": {
                  "path": ""
                },
                "text": "Alarmas"
              },
              "navIcon": {
                "color": "",
                "path": "material/chevron_right"
              },
              "showHeader": true,
              "style": {
                "classes": "",
                "padding": 10
              },
              "target": "/c",
              "visible": true
            }
          ],
          "key": {},
          "layoutAlignment": "right"
        },
        "type": "ia.navigation.menutree"
      },
      {
        "events": {
          "dom": {
            "onClick": {
              "config": {
                "params": {},
                "view": "MAIN_SCADA"
              },
              "scope": "C",
              "type": "nav"
            }
          }
        },
        "meta": {
          "name": "Button_main"
        },
        "position": {
          "height": 44,
          "rotate": {
            "anchor": "50% 25%"
          },
          "width": 100,
          "x": 672.006,
          "y": 740
        },
        "props": {
          "image": {
            "height": 30,
            "width": 50
          },
          "text": "EXIT"
        },
        "type": "ia.input.button"
      },
      {
        "events": {
          "dom": {
            "onClick": {
              "config": {
                "draggable": true,
                "id": "aI1GsS_R",
                "modal": false,
                "overlayDismiss": false,
                "resizable": true,
                "showCloseIcon": true,
                "type": "open",
                "viewPath": "VERIFICACION",
                "viewportBound": false
              },
              "scope": "C",
              "type": "popup"
            }
          }
        },
        "meta": {
          "name": "Button_alarma"
        },
        "position": {
          "height": 44,
          "width": 100,
          "x": 672.006,
          "y": 378
        },
        "props": {
          "image": {
            "height": 30,
            "width": 50
          },
          "text": "SERVICIOS"
        },
        "type": "ia.input.button"
      },
      {
        "meta": {
          "name": "Motor"
        },
        "position": {
          "height": 100,
          "rotate": {
            "anchor": "75% -35%"
          },
          "width": 100,
          "x": 73.50346374511719,
          "y": 245.7
        },
        "type": "ia.symbol.motor"
      },
      {
        "meta": {
          "name": "Sensor"
        },
        "position": {
          "height": 100,
          "width": 100,
          "x": 369.5034637451172,
          "y": 239.8
        },
        "type": "ia.symbol.sensor"
      },
      {
        "meta": {
          "name": "Sensor_0"
        },
        "position": {
          "height": 100,
          "width": 100,
          "x": 494.5034637451172,
          "y": 239.8
        },
        "type": "ia.symbol.sensor"
      },
      {
        "meta": {
          "name": "Sensor_1"
        },
        "position": {
          "height": 100,
          "width": 100,
          "x": 244.5034637451172,
          "y": 239.8
        },
        "propConfig": {
          "props.appearance": {
            "binding": {
              "config": {
                "fallbackDelay": 2.5,
                "mode": "direct",
                "tagPath": ""
              },
              "transforms": [
                {
                  "fallback": "#000000",
                  "inputType": "scalar",
                  "mappings": [
                    {
                      "input": true,
                      "output": "#FFFF47"
                    },
                    {
                      "input": false,
                      "output": "#47FFFF"
                    }
                  ],
                  "outputType": "color",
                  "type": "map"
                }
              ],
              "type": "tag"
            }
          }
        },
        "type": "ia.symbol.sensor"
      },
      {
        "meta": {
          "name": "Sensor_2"
        },
        "position": {
          "height": 100,
          "width": 100,
          "x": 369.5034637451172,
          "y": 413.8
        },
        "type": "ia.symbol.sensor"
      },
      {
        "meta": {
          "name": "Sensor_3"
        },
        "position": {
          "height": 100,
          "width": 100,
          "x": 494.5034637451172,
          "y": 413.8
        },
        "type": "ia.symbol.sensor"
      },
      {
        "meta": {
          "name": "Sensor_4"
        },
        "position": {
          "height": 100,
          "width": 100,
          "x": 244.5034637451172,
          "y": 413.8
        },
        "type": "ia.symbol.sensor"
      },
      {
        "meta": {
          "name": "Label"
        },
        "position": {
          "height": 32,
          "width": 75,
          "x": 257.5034637451172,
          "y": 347.3
        },
        "props": {
          "text": "SENSOR 1"
        },
        "type": "ia.display.label"
      },
      {
        "meta": {
          "name": "Label_0"
        },
        "position": {
          "height": 32,
          "rotate": {
            "anchor": "50% 25%"
          },
          "width": 75,
          "x": 382.5034637451172,
          "y": 347.3
        },
        "props": {
          "text": "SENSOR 1"
        },
        "type": "ia.display.label"
      },
      {
        "meta": {
          "name": "Label_1"
        },
        "position": {
          "height": 32,
          "width": 75,
          "x": 507.5034637451172,
          "y": 347.3
        },
        "props": {
          "text": "SENSOR 1"
        },
        "type": "ia.display.label"
      },
      {
        "meta": {
          "name": "Label_2"
        },
        "position": {
          "height": 32,
          "width": 75,
          "x": 257.0034637451172,
          "y": 528.3
        },
        "props": {
          "text": "SENSOR 1"
        },
        "type": "ia.display.label"
      },
      {
        "meta": {
          "name": "Label_3"
        },
        "position": {
          "height": 32,
          "rotate": {
            "anchor": "50% 25%"
          },
          "width": 75,
          "x": 382.0034637451172,
          "y": 528.3
        },
        "props": {
          "text": "SENSOR 1"
        },
        "type": "ia.display.label"
      },
      {
        "meta": {
          "name": "Label_4"
        },
        "position": {
          "height": 32,
          "width": 75,
          "x": 507.0034637451172,
          "y": 528.3
        },
        "props": {
          "text": "SENSOR 1"
        },
        "type": "ia.display.label"
      },
      {
        "meta": {
          "name": "TextField"
        },
        "position": {
          "height": 32,
          "width": 150,
          "x": 48.50346374511719,
          "y": 390.3
        },
        "type": "ia.input.text-field"
      },
      {
        "meta": {
          "name": "Label_5"
        },
        "position": {
          "height": 32,
          "width": 175,
          "x": 36.50346374511719,
          "y": 345.7
        },
        "props": {
          "text": "VELOCIDAD [rev/min]"
        },
        "type": "ia.display.label"
      },
      {
        "meta": {
          "name": "Label_6"
        },
        "position": {
          "height": 71.99999999999999,
          "rotate": {
            "anchor": "75% 61%"
          },
          "width": 200,
          "x": 244.993,
          "y": 85.26
        },
        "props": {
          "text": "MÁQUINA 1: TALADROA A"
        },
        "type": "ia.display.label"
      }
    ],
    "meta": {
      "name": "root"
    },
    "type": "ia.container.coord"
  }
}