{
  "custom": {
    "MAQUINA": "TAL"
  },
  "params": {},
  "propConfig": {
    "custom.MAQUINA": {
      "persistent": true
    }
  },
  "props": {},
  "root": {
    "children": [
      {
        "meta": {
          "name": "Label_34"
        },
        "position": {
          "height": 247,
          "rotate": {
            "anchor": "-44% -94%"
          },
          "width": 173,
          "x": 15,
          "y": 68.69
        },
        "props": {
          "style": {
            "backgroundColor": "#FFCCFF5E"
          }
        },
        "type": "ia.display.label"
      },
      {
        "meta": {
          "name": "Label_33"
        },
        "position": {
          "height": 446,
          "width": 173,
          "x": 15,
          "y": 323
        },
        "props": {
          "style": {
            "backgroundColor": "#97D9D93D"
          }
        },
        "type": "ia.display.label"
      },
      {
        "meta": {
          "name": "Label_32"
        },
        "position": {
          "height": 702,
          "rotate": {
            "anchor": "-44% -94%"
          },
          "width": 405,
          "x": 205.5,
          "y": 67
        },
        "props": {
          "style": {
            "backgroundColor": "#D5D5D5"
          }
        },
        "type": "ia.display.label"
      },
      {
        "meta": {
          "name": "MenuTree"
        },
        "position": {
          "height": 800,
          "width": 155,
          "x": 645
        },
        "props": {
          "items": [
            {
              "enabled": true,
              "items": [],
              "label": {
                "icon": {
                  "path": ""
                },
                "text": "Main"
              },
              "navIcon": {
                "color": "",
                "path": "material/chevron_right"
              },
              "showHeader": true,
              "style": {
                "classes": "",
                "padding": 10
              },
              "target": "/E",
              "visible": true
            },
            {
              "enabled": true,
              "items": [],
              "label": {
                "icon": {
                  "path": ""
                },
                "text": "Parámetros"
              },
              "navIcon": {
                "color": "",
                "path": "material/chevron_right"
              },
              "showHeader": true,
              "style": {
                "classes": "",
                "padding": 10
              },
              "target": "/new-page",
              "visible": true
            },
            {
              "enabled": true,
              "items": [],
              "label": {
                "icon": {
                  "path": ""
                },
                "text": "Alarmas"
              },
              "navIcon": {
                "color": "",
                "path": "material/chevron_right"
              },
              "showHeader": true,
              "style": {
                "classes": "",
                "padding": 10
              },
              "target": "/c",
              "visible": true
            }
          ],
          "key": {},
          "layoutAlignment": "right"
        },
        "type": "ia.navigation.menutree"
      },
      {
        "events": {
          "dom": {
            "onClick": {
              "config": {
                "params": {},
                "view": "MAIN_SCADA"
              },
              "scope": "C",
              "type": "nav"
            }
          }
        },
        "meta": {
          "name": "Button_main"
        },
        "position": {
          "height": 44,
          "rotate": {
            "anchor": "50% 25%"
          },
          "width": 100,
          "x": 672.006,
          "y": 740
        },
        "props": {
          "image": {
            "height": 30,
            "width": 50
          },
          "text": "EXIT"
        },
        "type": "ia.input.button"
      },
      {
        "events": {
          "dom": {
            "onClick": {
              "config": {
                "draggable": true,
                "id": "aI1GsS_R",
                "modal": false,
                "overlayDismiss": false,
                "resizable": true,
                "showCloseIcon": true,
                "type": "open",
                "viewPath": "VERIFICACION",
                "viewportBound": false
              },
              "scope": "C",
              "type": "popup"
            }
          }
        },
        "meta": {
          "name": "Button_alarma"
        },
        "position": {
          "height": 44,
          "width": 100,
          "x": 672.006,
          "y": 378
        },
        "props": {
          "image": {
            "height": 30,
            "width": 50
          },
          "text": "SERVICIOS"
        },
        "type": "ia.input.button"
      },
      {
        "meta": {
          "name": "MovingAnalogIndicator_1"
        },
        "position": {
          "height": 223,
          "width": 71,
          "x": 45.5,
          "y": 93.5
        },
        "propConfig": {
          "props.processValue": {
            "binding": {
              "config": {
                "fallbackDelay": 2.5,
                "mode": "direct",
                "tagPath": "[default]MQTT Tags/NUBE_OPC_PLC/NUBE_TROQUELADO/POS_TRO"
              },
              "transforms": [
                {
                  "expression": "abs(round(1000*{value},3))",
                  "type": "expression"
                }
              ],
              "type": "tag"
            }
          }
        },
        "props": {
          "desiredHigh": 125,
          "desiredLow": 40,
          "highAlarm": 125,
          "highHighAlarm": null,
          "highInterlock": null,
          "lowAlarm": 15,
          "lowInterlock": null,
          "lowLowAlarm": null,
          "maxValue": 140
        },
        "type": "ia.display.moving-analog-indicator"
      },
      {
        "meta": {
          "name": "Label_7"
        },
        "position": {
          "height": 32,
          "rotate": {
            "anchor": "25% 25%"
          },
          "width": 75,
          "x": 43.5,
          "y": 61.5
        },
        "props": {
          "text": "Cilindro"
        },
        "type": "ia.display.label"
      },
      {
        "meta": {
          "name": "Label_10"
        },
        "position": {
          "height": 32,
          "width": 105,
          "x": 105.5,
          "y": 189
        },
        "propConfig": {
          "props.text": {
            "binding": {
              "config": {
                "fallbackDelay": 2.5,
                "mode": "direct",
                "tagPath": "[default]MQTT Tags/NUBE_OPC_PLC/NUBE_TROQUELADO/POS_TRO"
              },
              "transforms": [
                {
                  "expression": "abs(round(1000*{value},3))",
                  "type": "expression"
                }
              ],
              "type": "tag"
            }
          }
        },
        "type": "ia.display.label"
      },
      {
        "custom": {
          "id": 1
        },
        "meta": {
          "name": "Sensor_3"
        },
        "position": {
          "height": 100,
          "width": 100,
          "x": 502.5,
          "y": 646.5
        },
        "propConfig": {
          "props.value.style.stroke": {
            "binding": {
              "config": {
                "fallbackDelay": 2.5,
                "mode": "indirect",
                "references": {},
                "tagPath": "[default]MQTT Tags/NUBE_OPC_PLC/NUBE_TROQUELADO/S12_TRO"
              },
              "transforms": [
                {
                  "fallback": "#808080",
                  "inputType": "scalar",
                  "mappings": [
                    {
                      "input": true,
                      "output": "#00D9D9"
                    },
                    {
                      "input": false,
                      "output": "#D97700"
                    }
                  ],
                  "outputType": "color",
                  "type": "map"
                }
              ],
              "type": "tag"
            }
          },
          "props.value.text": {
            "binding": {
              "config": {
                "fallbackDelay": 2.5,
                "mode": "indirect",
                "references": {},
                "tagPath": "[default]MQTT Tags/NUBE_OPC_PLC/NUBE_TROQUELADO/S12_TRO"
              },
              "transforms": [
                {
                  "fallback": "",
                  "inputType": "scalar",
                  "mappings": [
                    {
                      "input": true,
                      "output": "ACTIVO"
                    },
                    {
                      "input": false,
                      "output": "INACTIVO"
                    }
                  ],
                  "outputType": "scalar",
                  "type": "map"
                }
              ],
              "type": "tag"
            }
          }
        },
        "props": {
          "appearance": "simple",
          "value": {}
        },
        "type": "ia.symbol.sensor"
      },
      {
        "meta": {
          "name": "Label_1"
        },
        "position": {
          "height": 32,
          "width": 110,
          "x": 497.5,
          "y": 594.5
        },
        "props": {
          "text": "SENSOR 12"
        },
        "type": "ia.display.label"
      },
      {
        "meta": {
          "name": "Label_0"
        },
        "position": {
          "height": 32,
          "width": 110,
          "x": 362.5,
          "y": 594.5
        },
        "props": {
          "text": "SENSOR 11"
        },
        "type": "ia.display.label"
      },
      {
        "custom": {
          "id": 3
        },
        "meta": {
          "name": "Sensor_5"
        },
        "position": {
          "height": 100,
          "width": 100,
          "x": 367.5,
          "y": 646.5
        },
        "propConfig": {
          "props.value.style.stroke": {
            "binding": {
              "config": {
                "fallbackDelay": 2.5,
                "mode": "indirect",
                "references": {},
                "tagPath": "[default]MQTT Tags/NUBE_OPC_PLC/NUBE_TROQUELADO/S11_TRO"
              },
              "transforms": [
                {
                  "fallback": "#808080",
                  "inputType": "scalar",
                  "mappings": [
                    {
                      "input": true,
                      "output": "#00D9D9"
                    },
                    {
                      "input": false,
                      "output": "#D97700"
                    }
                  ],
                  "outputType": "color",
                  "type": "map"
                }
              ],
              "type": "tag"
            }
          },
          "props.value.text": {
            "binding": {
              "config": {
                "fallbackDelay": 2.5,
                "mode": "indirect",
                "references": {},
                "tagPath": "[default]MQTT Tags/NUBE_OPC_PLC/NUBE_TROQUELADO/S11_TRO"
              },
              "transforms": [
                {
                  "fallback": "",
                  "inputType": "scalar",
                  "mappings": [
                    {
                      "input": true,
                      "output": "ACTIVO"
                    },
                    {
                      "input": false,
                      "output": "INACTIVO"
                    }
                  ],
                  "outputType": "scalar",
                  "type": "map"
                }
              ],
              "type": "tag"
            }
          }
        },
        "props": {
          "appearance": "simple",
          "value": {}
        },
        "type": "ia.symbol.sensor"
      },
      {
        "custom": {
          "id": 4
        },
        "meta": {
          "name": "Sensor_6"
        },
        "position": {
          "height": 100,
          "width": 100,
          "x": 502.5,
          "y": 474.5
        },
        "propConfig": {
          "props.value.style.stroke": {
            "binding": {
              "config": {
                "fallbackDelay": 2.5,
                "mode": "indirect",
                "references": {},
                "tagPath": "[default]MQTT Tags/NUBE_OPC_PLC/NUBE_TROQUELADO/S9_TRO"
              },
              "transforms": [
                {
                  "fallback": "#808080",
                  "inputType": "scalar",
                  "mappings": [
                    {
                      "input": true,
                      "output": "#00D9D9"
                    },
                    {
                      "input": false,
                      "output": "#D97700"
                    }
                  ],
                  "outputType": "color",
                  "type": "map"
                }
              ],
              "type": "tag"
            }
          },
          "props.value.text": {
            "binding": {
              "config": {
                "fallbackDelay": 2.5,
                "mode": "indirect",
                "references": {},
                "tagPath": "[default]MQTT Tags/NUBE_OPC_PLC/NUBE_TROQUELADO/S9_TRO"
              },
              "transforms": [
                {
                  "fallback": "",
                  "inputType": "scalar",
                  "mappings": [
                    {
                      "input": true,
                      "output": "ACTIVO"
                    },
                    {
                      "input": false,
                      "output": "INACTIVO"
                    }
                  ],
                  "outputType": "scalar",
                  "type": "map"
                }
              ],
              "type": "tag"
            }
          }
        },
        "props": {
          "appearance": "simple",
          "value": {}
        },
        "type": "ia.symbol.sensor"
      },
      {
        "custom": {
          "id": 5
        },
        "meta": {
          "name": "Sensor_7"
        },
        "position": {
          "height": 100,
          "width": 100,
          "x": 367.5,
          "y": 474.5
        },
        "propConfig": {
          "props.value.style.stroke": {
            "binding": {
              "config": {
                "fallbackDelay": 2.5,
                "mode": "indirect",
                "references": {},
                "tagPath": "[default]MQTT Tags/NUBE_OPC_PLC/NUBE_TROQUELADO/S8_TRO"
              },
              "transforms": [
                {
                  "fallback": "#808080",
                  "inputType": "scalar",
                  "mappings": [
                    {
                      "input": true,
                      "output": "#00D9D9"
                    },
                    {
                      "input": false,
                      "output": "#D97700"
                    }
                  ],
                  "outputType": "color",
                  "type": "map"
                }
              ],
              "type": "tag"
            }
          },
          "props.value.text": {
            "binding": {
              "config": {
                "fallbackDelay": 2.5,
                "mode": "indirect",
                "references": {},
                "tagPath": "[default]MQTT Tags/NUBE_OPC_PLC/NUBE_TROQUELADO/S8_TRO"
              },
              "transforms": [
                {
                  "fallback": "",
                  "inputType": "scalar",
                  "mappings": [
                    {
                      "input": true,
                      "output": "ACTIVO"
                    },
                    {
                      "input": false,
                      "output": "INACTIVO"
                    }
                  ],
                  "outputType": "scalar",
                  "type": "map"
                }
              ],
              "type": "tag"
            }
          }
        },
        "props": {
          "appearance": "simple",
          "value": {}
        },
        "type": "ia.symbol.sensor"
      },
      {
        "meta": {
          "name": "Label_3"
        },
        "position": {
          "height": 32,
          "width": 110,
          "x": 362.5,
          "y": 422.5
        },
        "props": {
          "text": "SENSOR 8"
        },
        "type": "ia.display.label"
      },
      {
        "meta": {
          "name": "Label_4"
        },
        "position": {
          "height": 32,
          "width": 110,
          "x": 497.5,
          "y": 422.5
        },
        "props": {
          "text": "SENSOR 9"
        },
        "type": "ia.display.label"
      },
      {
        "custom": {
          "id": 1
        },
        "meta": {
          "name": "Sensor_12"
        },
        "position": {
          "height": 100,
          "width": 100,
          "x": 502.5,
          "y": 302.5
        },
        "propConfig": {
          "props.value.style.stroke": {
            "binding": {
              "config": {
                "fallbackDelay": 2.5,
                "mode": "indirect",
                "references": {},
                "tagPath": "[default]MQTT Tags/NUBE_OPC_PLC/NUBE_TROQUELADO/S6_TRO"
              },
              "transforms": [
                {
                  "fallback": "#808080",
                  "inputType": "scalar",
                  "mappings": [
                    {
                      "input": true,
                      "output": "#00D9D9"
                    },
                    {
                      "input": false,
                      "output": "#D97700"
                    }
                  ],
                  "outputType": "color",
                  "type": "map"
                }
              ],
              "type": "tag"
            }
          },
          "props.value.text": {
            "binding": {
              "config": {
                "fallbackDelay": 2.5,
                "mode": "indirect",
                "references": {},
                "tagPath": "[default]MQTT Tags/NUBE_OPC_PLC/NUBE_TROQUELADO/S6_TRO"
              },
              "transforms": [
                {
                  "fallback": "",
                  "inputType": "scalar",
                  "mappings": [
                    {
                      "input": true,
                      "output": "ACTIVO"
                    },
                    {
                      "input": false,
                      "output": "INACTIVO"
                    }
                  ],
                  "outputType": "scalar",
                  "type": "map"
                }
              ],
              "type": "tag"
            }
          }
        },
        "props": {
          "appearance": "simple",
          "value": {}
        },
        "type": "ia.symbol.sensor"
      },
      {
        "custom": {
          "id": 3
        },
        "meta": {
          "name": "Sensor_14"
        },
        "position": {
          "height": 100,
          "width": 100,
          "x": 367.5,
          "y": 302.5
        },
        "propConfig": {
          "props.value.style.stroke": {
            "binding": {
              "config": {
                "fallbackDelay": 2.5,
                "mode": "indirect",
                "references": {},
                "tagPath": "[default]MQTT Tags/NUBE_OPC_PLC/NUBE_TROQUELADO/S5_TRO"
              },
              "transforms": [
                {
                  "fallback": "#808080",
                  "inputType": "scalar",
                  "mappings": [
                    {
                      "input": true,
                      "output": "#00D9D9"
                    },
                    {
                      "input": false,
                      "output": "#D97700"
                    }
                  ],
                  "outputType": "color",
                  "type": "map"
                }
              ],
              "type": "tag"
            }
          },
          "props.value.text": {
            "binding": {
              "config": {
                "fallbackDelay": 2.5,
                "mode": "indirect",
                "references": {},
                "tagPath": "[default]MQTT Tags/NUBE_OPC_PLC/NUBE_TROQUELADO/S5_TRO"
              },
              "transforms": [
                {
                  "fallback": "",
                  "inputType": "scalar",
                  "mappings": [
                    {
                      "input": true,
                      "output": "ACTIVO"
                    },
                    {
                      "input": false,
                      "output": "INACTIVO"
                    }
                  ],
                  "outputType": "scalar",
                  "type": "map"
                }
              ],
              "type": "tag"
            }
          }
        },
        "props": {
          "appearance": "simple",
          "value": {}
        },
        "type": "ia.symbol.sensor"
      },
      {
        "meta": {
          "name": "Label_2"
        },
        "position": {
          "height": 32,
          "width": 110,
          "x": 227.5,
          "y": 422.5
        },
        "props": {
          "text": "SENSOR 7"
        },
        "type": "ia.display.label"
      },
      {
        "custom": {
          "id": 6
        },
        "meta": {
          "name": "Sensor_8"
        },
        "position": {
          "height": 100,
          "width": 100,
          "x": 232.5,
          "y": 474.5
        },
        "propConfig": {
          "props.value.style.stroke": {
            "binding": {
              "config": {
                "fallbackDelay": 2.5,
                "mode": "indirect",
                "references": {},
                "tagPath": "[default]MQTT Tags/NUBE_OPC_PLC/NUBE_TROQUELADO/S7_TRO"
              },
              "transforms": [
                {
                  "fallback": "#808080",
                  "inputType": "scalar",
                  "mappings": [
                    {
                      "input": true,
                      "output": "#00D9D9"
                    },
                    {
                      "input": false,
                      "output": "#D97700"
                    }
                  ],
                  "outputType": "color",
                  "type": "map"
                }
              ],
              "type": "tag"
            }
          },
          "props.value.text": {
            "binding": {
              "config": {
                "fallbackDelay": 2.5,
                "mode": "indirect",
                "references": {},
                "tagPath": "[default]MQTT Tags/NUBE_OPC_PLC/NUBE_TROQUELADO/S7_TRO"
              },
              "transforms": [
                {
                  "fallback": "",
                  "inputType": "scalar",
                  "mappings": [
                    {
                      "input": true,
                      "output": "ACTIVO"
                    },
                    {
                      "input": false,
                      "output": "INACTIVO"
                    }
                  ],
                  "outputType": "scalar",
                  "type": "map"
                }
              ],
              "type": "tag"
            }
          }
        },
        "props": {
          "appearance": "simple",
          "value": {}
        },
        "type": "ia.symbol.sensor"
      },
      {
        "custom": {
          "id": "value"
        },
        "meta": {
          "name": "Label"
        },
        "position": {
          "height": 32,
          "width": 110,
          "x": 227.5,
          "y": 594.5
        },
        "props": {
          "text": "SENSOR 10"
        },
        "type": "ia.display.label"
      },
      {
        "custom": {
          "id": 2
        },
        "meta": {
          "name": "Sensor_4"
        },
        "position": {
          "height": 100,
          "width": 100,
          "x": 232.5,
          "y": 646.5
        },
        "propConfig": {
          "props.value.style.stroke": {
            "binding": {
              "config": {
                "fallbackDelay": 2.5,
                "mode": "indirect",
                "references": {},
                "tagPath": "[default]MQTT Tags/NUBE_OPC_PLC/NUBE_TROQUELADO/S10_TRO"
              },
              "transforms": [
                {
                  "fallback": "#808080",
                  "inputType": "scalar",
                  "mappings": [
                    {
                      "input": true,
                      "output": "#00D9D9"
                    },
                    {
                      "input": false,
                      "output": "#D97700"
                    }
                  ],
                  "outputType": "color",
                  "type": "map"
                }
              ],
              "type": "tag"
            }
          },
          "props.value.text": {
            "binding": {
              "config": {
                "fallbackDelay": 2.5,
                "mode": "indirect",
                "references": {},
                "tagPath": "[default]MQTT Tags/NUBE_OPC_PLC/NUBE_TROQUELADO/S10_TRO"
              },
              "transforms": [
                {
                  "fallback": "",
                  "inputType": "scalar",
                  "mappings": [
                    {
                      "input": true,
                      "output": "ACTIVO"
                    },
                    {
                      "input": false,
                      "output": "INACTIVO"
                    }
                  ],
                  "outputType": "scalar",
                  "type": "map"
                }
              ],
              "type": "tag"
            }
          }
        },
        "props": {
          "appearance": "simple",
          "value": {}
        },
        "type": "ia.symbol.sensor"
      },
      {
        "custom": {
          "id": "value"
        },
        "meta": {
          "name": "Label_11"
        },
        "position": {
          "height": 32,
          "width": 110,
          "x": 227.5,
          "y": 250.5
        },
        "props": {
          "text": "SENSOR 4"
        },
        "type": "ia.display.label"
      },
      {
        "meta": {
          "name": "Label_12"
        },
        "position": {
          "height": 32,
          "width": 110,
          "x": 362.5,
          "y": 250.5
        },
        "props": {
          "text": "SENSOR 5"
        },
        "type": "ia.display.label"
      },
      {
        "meta": {
          "name": "Label_13"
        },
        "position": {
          "height": 32,
          "width": 110,
          "x": 497.5,
          "y": 250.5
        },
        "props": {
          "text": "SENSOR 6"
        },
        "type": "ia.display.label"
      },
      {
        "custom": {
          "id": 2
        },
        "meta": {
          "name": "Sensor_13"
        },
        "position": {
          "height": 100,
          "width": 100,
          "x": 232.5,
          "y": 302.5
        },
        "propConfig": {
          "props.value.style.stroke": {
            "binding": {
              "config": {
                "fallbackDelay": 2.5,
                "mode": "indirect",
                "references": {},
                "tagPath": "[default]MQTT Tags/NUBE_OPC_PLC/NUBE_TROQUELADO/S4_TRO"
              },
              "transforms": [
                {
                  "fallback": "#808080",
                  "inputType": "scalar",
                  "mappings": [
                    {
                      "input": true,
                      "output": "#00D9D9"
                    },
                    {
                      "input": false,
                      "output": "#D97700"
                    }
                  ],
                  "outputType": "color",
                  "type": "map"
                }
              ],
              "type": "tag"
            }
          },
          "props.value.text": {
            "binding": {
              "config": {
                "fallbackDelay": 2.5,
                "mode": "indirect",
                "references": {},
                "tagPath": "[default]MQTT Tags/NUBE_OPC_PLC/NUBE_TROQUELADO/S4_TRO"
              },
              "transforms": [
                {
                  "fallback": "",
                  "inputType": "scalar",
                  "mappings": [
                    {
                      "input": true,
                      "output": "ACTIVO"
                    },
                    {
                      "input": false,
                      "output": "INACTIVO"
                    }
                  ],
                  "outputType": "scalar",
                  "type": "map"
                }
              ],
              "type": "tag"
            }
          }
        },
        "props": {
          "appearance": "simple",
          "value": {}
        },
        "type": "ia.symbol.sensor"
      },
      {
        "custom": {
          "id": 4
        },
        "meta": {
          "name": "Sensor_9"
        },
        "position": {
          "height": 100,
          "width": 100,
          "x": 502.5,
          "y": 130.5
        },
        "propConfig": {
          "props.value.style.stroke": {
            "binding": {
              "config": {
                "fallbackDelay": 2.5,
                "mode": "indirect",
                "references": {},
                "tagPath": "[default]MQTT Tags/NUBE_OPC_PLC/NUBE_TROQUELADO/S3_TRO"
              },
              "transforms": [
                {
                  "fallback": "#808080",
                  "inputType": "scalar",
                  "mappings": [
                    {
                      "input": true,
                      "output": "#00D9D9"
                    },
                    {
                      "input": false,
                      "output": "#D97700"
                    }
                  ],
                  "outputType": "color",
                  "type": "map"
                }
              ],
              "type": "tag"
            }
          },
          "props.value.text": {
            "binding": {
              "config": {
                "fallbackDelay": 2.5,
                "mode": "indirect",
                "references": {},
                "tagPath": "[default]MQTT Tags/NUBE_OPC_PLC/NUBE_TROQUELADO/S3_TRO"
              },
              "transforms": [
                {
                  "fallback": "",
                  "inputType": "scalar",
                  "mappings": [
                    {
                      "input": true,
                      "output": "ACTIVO"
                    },
                    {
                      "input": false,
                      "output": "INACTIVO"
                    }
                  ],
                  "outputType": "scalar",
                  "type": "map"
                }
              ],
              "type": "tag"
            }
          }
        },
        "props": {
          "appearance": "simple",
          "value": {}
        },
        "type": "ia.symbol.sensor"
      },
      {
        "custom": {
          "id": 5
        },
        "meta": {
          "name": "Sensor_10"
        },
        "position": {
          "height": 100,
          "width": 100,
          "x": 367.5,
          "y": 130.5
        },
        "propConfig": {
          "props.value.style.stroke": {
            "binding": {
              "config": {
                "fallbackDelay": 2.5,
                "mode": "indirect",
                "references": {},
                "tagPath": "[default]MQTT Tags/NUBE_OPC_PLC/NUBE_TROQUELADO/S2_TRO"
              },
              "transforms": [
                {
                  "fallback": "#808080",
                  "inputType": "scalar",
                  "mappings": [
                    {
                      "input": true,
                      "output": "#00D9D9"
                    },
                    {
                      "input": false,
                      "output": "#D97700"
                    }
                  ],
                  "outputType": "color",
                  "type": "map"
                }
              ],
              "type": "tag"
            }
          },
          "props.value.text": {
            "binding": {
              "config": {
                "fallbackDelay": 2.5,
                "mode": "indirect",
                "references": {},
                "tagPath": "[default]MQTT Tags/NUBE_OPC_PLC/NUBE_TROQUELADO/S2_TRO"
              },
              "transforms": [
                {
                  "fallback": "",
                  "inputType": "scalar",
                  "mappings": [
                    {
                      "input": true,
                      "output": "ACTIVO"
                    },
                    {
                      "input": false,
                      "output": "INACTIVO"
                    }
                  ],
                  "outputType": "scalar",
                  "type": "map"
                }
              ],
              "type": "tag"
            }
          }
        },
        "props": {
          "appearance": "simple",
          "value": {}
        },
        "type": "ia.symbol.sensor"
      },
      {
        "custom": {
          "id": 6
        },
        "meta": {
          "name": "Sensor_11"
        },
        "position": {
          "height": 100,
          "width": 100,
          "x": 232.5,
          "y": 130.5
        },
        "propConfig": {
          "props.value.style.stroke": {
            "binding": {
              "config": {
                "fallbackDelay": 2.5,
                "mode": "indirect",
                "references": {},
                "tagPath": "[default]MQTT Tags/NUBE_OPC_PLC/NUBE_TROQUELADO/S1_TRO"
              },
              "transforms": [
                {
                  "fallback": "#808080",
                  "inputType": "scalar",
                  "mappings": [
                    {
                      "input": true,
                      "output": "#00D9D9"
                    },
                    {
                      "input": false,
                      "output": "#D97700"
                    }
                  ],
                  "outputType": "color",
                  "type": "map"
                }
              ],
              "type": "tag"
            }
          },
          "props.value.text": {
            "binding": {
              "config": {
                "fallbackDelay": 2.5,
                "mode": "indirect",
                "references": {},
                "tagPath": "[default]MQTT Tags/NUBE_OPC_PLC/NUBE_TROQUELADO/S1_TRO"
              },
              "transforms": [
                {
                  "fallback": "",
                  "inputType": "scalar",
                  "mappings": [
                    {
                      "input": true,
                      "output": "ACTIVO"
                    },
                    {
                      "input": false,
                      "output": "INACTIVO"
                    }
                  ],
                  "outputType": "scalar",
                  "type": "map"
                }
              ],
              "type": "tag"
            }
          }
        },
        "props": {
          "appearance": "simple",
          "value": {}
        },
        "type": "ia.symbol.sensor"
      },
      {
        "meta": {
          "name": "Label_9"
        },
        "position": {
          "height": 32,
          "width": 110,
          "x": 362.5,
          "y": 78.5
        },
        "props": {
          "text": "SENSOR 2"
        },
        "type": "ia.display.label"
      },
      {
        "meta": {
          "name": "Label_14"
        },
        "position": {
          "height": 32,
          "width": 110,
          "x": 497.5,
          "y": 78.5
        },
        "props": {
          "text": "SENSOR 3"
        },
        "type": "ia.display.label"
      },
      {
        "meta": {
          "name": "Label_15"
        },
        "position": {
          "height": 32,
          "width": 110,
          "x": 227.5,
          "y": 78.5
        },
        "props": {
          "text": "SENSOR 1"
        },
        "type": "ia.display.label"
      },
      {
        "meta": {
          "name": "Label_6"
        },
        "position": {
          "height": 50,
          "width": 202,
          "x": 222
        },
        "props": {
          "style": {
            "backgroundColor": "#CCCCFF73"
          },
          "text": "MÁQUINA 3: Troqueladora"
        },
        "type": "ia.display.label"
      },
      {
        "meta": {
          "name": "Label_5"
        },
        "position": {
          "height": 32,
          "width": 155,
          "x": 18.25,
          "y": 326.5
        },
        "props": {
          "text": "Producción Jornada"
        },
        "type": "ia.display.label"
      },
      {
        "meta": {
          "name": "Label_17"
        },
        "position": {
          "height": 32,
          "width": 30,
          "x": 122.5,
          "y": 358.012
        },
        "propConfig": {
          "props.text": {
            "binding": {
              "config": {
                "fallbackDelay": 2.5,
                "mode": "direct",
                "tagPath": "[default]MQTT Tags/NUBE_OPC_PLC/NUBE_TROQUELADO/CNT_PFRENO_TRO"
              },
              "type": "tag"
            }
          }
        },
        "type": "ia.display.label"
      },
      {
        "meta": {
          "name": "Label_16"
        },
        "position": {
          "height": 32,
          "width": 76,
          "x": 33.25,
          "y": 357.96
        },
        "props": {
          "text": "Freno"
        },
        "type": "ia.display.label"
      },
      {
        "meta": {
          "name": "Label_18"
        },
        "position": {
          "height": 32,
          "width": 30,
          "x": 122.55,
          "y": 566.056
        },
        "propConfig": {
          "props.text": {
            "binding": {
              "config": {
                "fallbackDelay": 2.5,
                "mode": "direct",
                "tagPath": "[default]MQTT Tags/NUBE_OPC_PLC/NUBE_TROQUELADO/CNT_TUBO_SUP_TRO"
              },
              "type": "tag"
            }
          }
        },
        "type": "ia.display.label"
      },
      {
        "meta": {
          "name": "Label_19"
        },
        "position": {
          "height": 32,
          "width": 104,
          "x": 33.3,
          "y": 566.009
        },
        "props": {
          "text": "Tubo Sup."
        },
        "type": "ia.display.label"
      },
      {
        "meta": {
          "name": "Label_20"
        },
        "position": {
          "height": 32,
          "width": 30,
          "x": 122.55,
          "y": 410.056
        },
        "propConfig": {
          "props.text": {
            "binding": {
              "config": {
                "fallbackDelay": 2.5,
                "mode": "direct",
                "tagPath": "[default]MQTT Tags/NUBE_OPC_PLC/NUBE_TROQUELADO/CNT_TIR1_TRO"
              },
              "type": "tag"
            }
          }
        },
        "type": "ia.display.label"
      },
      {
        "meta": {
          "name": "Label_21"
        },
        "position": {
          "height": 32,
          "width": 80,
          "x": 33.3,
          "y": 410.01
        },
        "props": {
          "text": "Tirante 1"
        },
        "type": "ia.display.label"
      },
      {
        "meta": {
          "name": "Label_22"
        },
        "position": {
          "height": 32,
          "width": 30,
          "x": 122.55,
          "y": 618.056
        },
        "propConfig": {
          "props.text": {
            "binding": {
              "config": {
                "fallbackDelay": 2.5,
                "mode": "direct",
                "tagPath": "[default]MQTT Tags/NUBE_OPC_PLC/NUBE_TROQUELADO/CNT_TUBO_DIAG_TRO"
              },
              "type": "tag"
            }
          }
        },
        "type": "ia.display.label"
      },
      {
        "meta": {
          "name": "Label_23"
        },
        "position": {
          "height": 32,
          "width": 104,
          "x": 33.3,
          "y": 618.009
        },
        "props": {
          "text": "Tubo Diag."
        },
        "type": "ia.display.label"
      },
      {
        "meta": {
          "name": "Label_24"
        },
        "position": {
          "height": 32,
          "width": 30,
          "x": 122.55,
          "y": 462.056
        },
        "propConfig": {
          "props.text": {
            "binding": {
              "config": {
                "fallbackDelay": 2.5,
                "mode": "direct",
                "tagPath": "[default]MQTT Tags/NUBE_OPC_PLC/NUBE_TROQUELADO/CNT_TIR2_TRO"
              },
              "type": "tag"
            }
          }
        },
        "type": "ia.display.label"
      },
      {
        "meta": {
          "name": "Label_25"
        },
        "position": {
          "height": 32,
          "width": 83,
          "x": 33.3,
          "y": 462.01
        },
        "props": {
          "text": "Tirante 2"
        },
        "type": "ia.display.label"
      },
      {
        "meta": {
          "name": "Label_26"
        },
        "position": {
          "height": 32,
          "width": 30,
          "x": 122.55,
          "y": 670.056
        },
        "propConfig": {
          "props.text": {
            "binding": {
              "config": {
                "fallbackDelay": 2.5,
                "mode": "direct",
                "tagPath": "[default]MQTT Tags/NUBE_OPC_PLC/NUBE_TROQUELADO/CNT_VAIN1_TRO"
              },
              "type": "tag"
            }
          }
        },
        "type": "ia.display.label"
      },
      {
        "meta": {
          "name": "Label_27"
        },
        "position": {
          "height": 32,
          "width": 104,
          "x": 33.3,
          "y": 670.009
        },
        "props": {
          "text": "Vaina 2"
        },
        "type": "ia.display.label"
      },
      {
        "meta": {
          "name": "Label_28"
        },
        "position": {
          "height": 32,
          "width": 30,
          "x": 122.55,
          "y": 514.056
        },
        "propConfig": {
          "props.text": {
            "binding": {
              "config": {
                "fallbackDelay": 2.5,
                "mode": "direct",
                "tagPath": "[default]MQTT Tags/NUBE_OPC_PLC/NUBE_TROQUELADO/CNT_TUBO_VERT_TRO"
              },
              "type": "tag"
            }
          }
        },
        "type": "ia.display.label"
      },
      {
        "meta": {
          "name": "Label_29"
        },
        "position": {
          "height": 32,
          "width": 90,
          "x": 33.3,
          "y": 514.01
        },
        "props": {
          "text": "Tubo Vert."
        },
        "type": "ia.display.label"
      },
      {
        "meta": {
          "name": "Label_30"
        },
        "position": {
          "height": 32,
          "width": 30,
          "x": 122.55,
          "y": 722.056
        },
        "propConfig": {
          "props.text": {
            "binding": {
              "config": {
                "fallbackDelay": 2.5,
                "mode": "direct",
                "tagPath": "[default]MQTT Tags/NUBE_OPC_PLC/NUBE_TROQUELADO/CNT_VAIN2_TRO"
              },
              "type": "tag"
            }
          }
        },
        "type": "ia.display.label"
      },
      {
        "meta": {
          "name": "Label_31"
        },
        "position": {
          "height": 32,
          "width": 104,
          "x": 33.3,
          "y": 722.009
        },
        "props": {
          "text": "Vaina 1"
        },
        "type": "ia.display.label"
      },
      {
        "meta": {
          "name": "Label_8"
        },
        "position": {
          "height": 32,
          "width": 50,
          "x": 154.5,
          "y": 189
        },
        "props": {
          "text": "mm"
        },
        "type": "ia.display.label"
      }
    ],
    "meta": {
      "name": "root"
    },
    "type": "ia.container.coord"
  }
}