{
  "custom": {},
  "params": {},
  "props": {},
  "root": {
    "children": [
      {
        "events": {
          "dom": {
            "onClick": {
              "config": {
                "params": {},
                "view": "MAQUINA_Main"
              },
              "scope": "C",
              "type": "nav"
            }
          }
        },
        "meta": {
          "name": "BUT_STAG_000"
        },
        "position": {
          "height": 70,
          "width": 152,
          "x": 227.5,
          "y": 145.5
        },
        "propConfig": {
          "props.style.backgroundColor": {
            "binding": {
              "config": {
                "fallbackDelay": 2.5,
                "mode": "direct",
                "tagPath": "[default]MQTT Tags/NUBE_OPC_PLC/NUBE_TALADRO/TALADRAR"
              },
              "transforms": [
                {
                  "fallback": "#D5D5D5",
                  "inputType": "scalar",
                  "mappings": [
                    {
                      "input": true,
                      "output": "#008000"
                    },
                    {
                      "input": false,
                      "output": "#8A8AFF"
                    }
                  ],
                  "outputType": "color",
                  "type": "map"
                }
              ],
              "type": "tag"
            }
          }
        },
        "props": {
          "text": "1. Taladro"
        },
        "type": "ia.input.button"
      },
      {
        "events": {
          "dom": {
            "onClick": {
              "config": {
                "draggable": true,
                "id": "hSRNHnFF",
                "modal": false,
                "overlayDismiss": false,
                "resizable": true,
                "showCloseIcon": true,
                "title": "Visualizador: Cortadora",
                "type": "open",
                "viewParams": {
                  "TRUE": ""
                },
                "viewPath": "SCADA_POP_UP_COR",
                "viewportBound": false
              },
              "scope": "C",
              "type": "popup"
            }
          }
        },
        "meta": {
          "name": "BUT_STAG_1"
        },
        "position": {
          "height": 70,
          "width": 152,
          "x": 425,
          "y": 145
        },
        "propConfig": {
          "props.style.backgroundColor": {
            "binding": {
              "config": {
                "fallbackDelay": 2.5,
                "mode": "direct",
                "tagPath": "[default]MQTT Tags/NUBE_OPC_PLC/NUBE_CORTADORA/S3_COR"
              },
              "transforms": [
                {
                  "fallback": "#D5D5D5",
                  "inputType": "scalar",
                  "mappings": [
                    {
                      "input": true,
                      "output": "#008000"
                    },
                    {
                      "input": false,
                      "output": "#8A8AFF"
                    }
                  ],
                  "outputType": "color",
                  "type": "map"
                }
              ],
              "type": "tag"
            }
          }
        },
        "props": {
          "text": "3. Cortadora"
        },
        "type": "ia.input.button"
      },
      {
        "events": {
          "dom": {
            "onClick": {
              "config": {
                "draggable": true,
                "id": "hSRNHnFF",
                "modal": false,
                "overlayDismiss": false,
                "resizable": true,
                "showCloseIcon": true,
                "title": "Visualizador: Dobladora",
                "type": "open",
                "viewParams": {
                  "TRUE": ""
                },
                "viewPath": "SCADA_POP_UP_DOB",
                "viewportBound": false
              },
              "scope": "C",
              "type": "popup"
            }
          }
        },
        "meta": {
          "name": " BUT_STAG_2"
        },
        "position": {
          "height": 70,
          "width": 152,
          "x": 611.5,
          "y": 145.5
        },
        "propConfig": {
          "props.style.backgroundColor": {
            "binding": {
              "config": {
                "fallbackDelay": 2.5,
                "mode": "direct",
                "tagPath": "[default]MQTT Tags/NUBE_OPC_PLC/NUBE_DOBLADORA/S4_DOB"
              },
              "transforms": [
                {
                  "fallback": "#D5D5D5",
                  "inputType": "scalar",
                  "mappings": [
                    {
                      "input": true,
                      "output": "#008000"
                    },
                    {
                      "input": false,
                      "output": "#8A8AFF"
                    }
                  ],
                  "outputType": "color",
                  "type": "map"
                }
              ],
              "type": "tag"
            }
          }
        },
        "props": {
          "text": "4. Dobladora"
        },
        "type": "ia.input.button"
      },
      {
        "events": {
          "dom": {
            "onClick": {
              "config": {
                "params": {},
                "view": "TROQ_Main"
              },
              "scope": "C",
              "type": "nav"
            }
          }
        },
        "meta": {
          "name": "BUT_STAG_3"
        },
        "position": {
          "height": 70,
          "width": 152,
          "x": 36.5,
          "y": 254.5
        },
        "propConfig": {
          "props.style.backgroundColor": {
            "binding": {
              "config": {
                "fallbackDelay": 2.5,
                "mode": "direct",
                "tagPath": "[default]MQTT Tags/NUBE_OPC_PLC/NUBE_TROQUELADO/TROQUELAR"
              },
              "transforms": [
                {
                  "fallback": "#D5D5D5",
                  "inputType": "scalar",
                  "mappings": [
                    {
                      "input": true,
                      "output": "#008000"
                    },
                    {
                      "input": false,
                      "output": "#8A8AFF"
                    }
                  ],
                  "outputType": "color",
                  "type": "map"
                }
              ],
              "type": "tag"
            }
          }
        },
        "props": {
          "text": "2. Troqueladora"
        },
        "type": "ia.input.button"
      },
      {
        "events": {
          "dom": {
            "onClick": {
              "config": {
                "draggable": true,
                "id": "hSRNHnFF",
                "modal": false,
                "overlayDismiss": false,
                "position": {
                  "height": 501,
                  "width": 601
                },
                "positionType": "exact",
                "resizable": true,
                "showCloseIcon": true,
                "title": "Visualizador",
                "type": "open",
                "viewParams": {
                  "TRUE": ""
                },
                "viewPath": "SCADA_POP_UP",
                "viewportBound": false
              },
              "scope": "C",
              "type": "popup"
            }
          }
        },
        "meta": {
          "name": "BUT_STAG_7"
        },
        "position": {
          "height": 70,
          "width": 152,
          "x": 36.5,
          "y": 364.5
        },
        "propConfig": {
          "props.style.backgroundColor": {
            "binding": {
              "config": {
                "fallbackDelay": 2.5,
                "mode": "direct",
                "tagPath": ""
              },
              "transforms": [
                {
                  "fallback": "#D5D5D5",
                  "inputType": "scalar",
                  "mappings": [
                    {
                      "input": true,
                      "output": "#91D0FF"
                    },
                    {
                      "input": false,
                      "output": "#FFBEB1"
                    }
                  ],
                  "outputType": "color",
                  "type": "map"
                }
              ],
              "type": "tag"
            }
          }
        },
        "props": {
          "text": "STAGE 4"
        },
        "type": "ia.input.button"
      },
      {
        "events": {
          "dom": {
            "onClick": {
              "config": {
                "draggable": true,
                "id": "hSRNHnFF",
                "modal": false,
                "overlayDismiss": false,
                "resizable": true,
                "showCloseIcon": true,
                "title": "Visualizador: Celda Robotizada",
                "type": "open",
                "viewParams": {
                  "TRUE": ""
                },
                "viewPath": "Celda Robotica",
                "viewportBound": false
              },
              "scope": "C",
              "type": "popup"
            }
          }
        },
        "meta": {
          "name": "BUT_STAG_14"
        },
        "position": {
          "height": 70,
          "width": 152,
          "x": 36.5,
          "y": 584.5
        },
        "propConfig": {
          "props.style.backgroundColor": {
            "binding": {
              "config": {
                "fallbackDelay": 2.5,
                "mode": "direct",
                "tagPath": "[default]MQTT Tags/NUBE_MQTT_CELDA/START2"
              },
              "transforms": [
                {
                  "fallback": "#D5D5D5",
                  "inputType": "scalar",
                  "mappings": [
                    {
                      "input": true,
                      "output": "#008000"
                    },
                    {
                      "input": false,
                      "output": "#8A8AFF"
                    }
                  ],
                  "outputType": "color",
                  "type": "map"
                }
              ],
              "type": "tag"
            }
          }
        },
        "props": {
          "text": "Celdas robotizadas"
        },
        "type": "ia.input.button"
      },
      {
        "events": {
          "dom": {
            "onClick": {
              "config": {
                "draggable": true,
                "id": "hSRNHnFF",
                "modal": false,
                "overlayDismiss": false,
                "position": {
                  "height": 501,
                  "width": 601
                },
                "positionType": "exact",
                "resizable": true,
                "showCloseIcon": true,
                "title": "DAHJFKDSL",
                "type": "open",
                "viewParams": {
                  "TRUE": ""
                },
                "viewPath": "SCADA_POP_UP",
                "viewportBound": false
              },
              "scope": "C",
              "type": "popup"
            }
          }
        },
        "meta": {
          "name": "BUT_STAG_15"
        },
        "position": {
          "height": 70,
          "width": 152,
          "x": 36.5,
          "y": 474.5
        },
        "propConfig": {
          "props.style.backgroundColor": {
            "binding": {
              "config": {
                "fallbackDelay": 2.5,
                "mode": "direct",
                "tagPath": ""
              },
              "transforms": [
                {
                  "fallback": "#D5D5D5",
                  "inputType": "scalar",
                  "mappings": [
                    {
                      "input": true,
                      "output": "#91D0FF"
                    },
                    {
                      "input": false,
                      "output": "#FFBEB1"
                    }
                  ],
                  "outputType": "color",
                  "type": "map"
                }
              ],
              "type": "tag"
            }
          }
        },
        "props": {
          "text": "STAGE 5"
        },
        "type": "ia.input.button"
      },
      {
        "events": {
          "dom": {
            "onClick": {
              "config": {
                "params": {},
                "view": "Home"
              },
              "scope": "C",
              "type": "nav"
            }
          }
        },
        "meta": {
          "name": "BUT_OUT"
        },
        "position": {
          "height": 70,
          "rotate": {
            "anchor": "61% 50%"
          },
          "width": 152,
          "x": 151.5,
          "y": 682.5
        },
        "propConfig": {
          "props.style.backgroundColor": {
            "binding": {
              "config": {
                "fallbackDelay": 2.5,
                "mode": "direct",
                "tagPath": ""
              },
              "transforms": [
                {
                  "fallback": "#D5D5D5",
                  "inputType": "scalar",
                  "mappings": [
                    {
                      "input": true,
                      "output": "#91D0FF"
                    },
                    {
                      "input": false,
                      "output": "#FFBEB1"
                    }
                  ],
                  "outputType": "color",
                  "type": "map"
                }
              ],
              "type": "tag"
            }
          }
        },
        "props": {
          "text": "OUT"
        },
        "type": "ia.input.button"
      },
      {
        "events": {
          "dom": {
            "onClick": {
              "config": {
                "draggable": true,
                "id": "hSRNHnFF",
                "modal": false,
                "overlayDismiss": false,
                "position": {
                  "height": 300,
                  "width": 400
                },
                "positionType": "exact",
                "resizable": true,
                "showCloseIcon": true,
                "title": "DAHJFKDSL",
                "type": "open",
                "viewParams": {
                  "TRUE": ""
                },
                "viewPath": "VERIFICACION",
                "viewportBound": false
              },
              "scope": "C",
              "type": "popup"
            }
          }
        },
        "meta": {
          "name": "BUT_STAG_20"
        },
        "position": {
          "height": 70,
          "rotate": {
            "anchor": "61% 50%"
          },
          "width": 152,
          "x": 515.5,
          "y": 683
        },
        "propConfig": {
          "props.style.backgroundColor": {
            "binding": {
              "config": {
                "fallbackDelay": 2.5,
                "mode": "direct",
                "tagPath": "[default]MQTT Tags/NUBE_MQTT_CELDA/START2"
              },
              "transforms": [
                {
                  "fallback": "#D5D5D5",
                  "inputType": "scalar",
                  "mappings": [
                    {
                      "input": true,
                      "output": "#FFCCFF"
                    },
                    {
                      "input": false,
                      "output": "#D90000"
                    }
                  ],
                  "outputType": "color",
                  "type": "map"
                }
              ],
              "type": "tag"
            }
          }
        },
        "props": {
          "text": "STOP"
        },
        "type": "ia.input.button"
      },
      {
        "meta": {
          "name": "Alarma"
        },
        "position": {
          "height": 53,
          "width": 68,
          "x": 16,
          "y": 737
        },
        "propConfig": {
          "props.style.backgroundColor": {
            "binding": {
              "config": {
                "fallbackDelay": 2.5,
                "mode": "direct",
                "tagPath": ""
              },
              "transforms": [
                {
                  "fallback": "#D5D5D5",
                  "inputType": "scalar",
                  "mappings": [
                    {
                      "input": true,
                      "output": "#D97700"
                    },
                    {
                      "input": false,
                      "output": "#D5D5D5"
                    }
                  ],
                  "outputType": "color",
                  "type": "map"
                }
              ],
              "type": "tag"
            }
          }
        },
        "props": {
          "color": "#FFFFFCBD",
          "path": "material/insert_emoticon",
          "style": {
            "overflow": "hidden",
            "overflowX": "hidden",
            "overflowY": "hidden"
          }
        },
        "type": "ia.display.icon"
      },
      {
        "events": {
          "dom": {
            "onClick": {
              "config": {
                "params": {},
                "view": "SCADA_ALARMA"
              },
              "scope": "C",
              "type": "nav"
            }
          }
        },
        "meta": {
          "name": "Button_alarma"
        },
        "position": {
          "height": 44,
          "width": 100,
          "x": 411.50625,
          "y": 27
        },
        "props": {
          "image": {
            "height": 30,
            "width": 50
          },
          "text": "ALARMAS"
        },
        "type": "ia.input.button"
      },
      {
        "events": {
          "dom": {
            "onClick": {
              "config": {
                "params": {},
                "view": "MAIN_SCADA"
              },
              "scope": "C",
              "type": "nav"
            }
          }
        },
        "meta": {
          "name": "Button_main"
        },
        "position": {
          "height": 44,
          "rotate": {
            "anchor": "50% 25%"
          },
          "width": 100,
          "x": 36.50625000000002,
          "y": 27
        },
        "props": {
          "image": {
            "height": 30,
            "width": 50
          },
          "text": "MAIN"
        },
        "type": "ia.input.button"
      },
      {
        "events": {
          "dom": {
            "onClick": {
              "config": {
                "params": {},
                "view": "SCADA_SERVICIOS"
              },
              "scope": "C",
              "type": "nav"
            }
          }
        },
        "meta": {
          "name": "Button_servicios"
        },
        "position": {
          "height": 44,
          "rotate": {
            "anchor": "50% 25%"
          },
          "width": 100,
          "x": 161.50625000000002,
          "y": 27
        },
        "props": {
          "image": {
            "height": 30,
            "width": 50
          },
          "text": "SERVICIOS"
        },
        "type": "ia.input.button"
      },
      {
        "events": {
          "dom": {
            "onClick": {
              "config": {
                "params": {},
                "view": "SCADA_ALMACEN"
              },
              "scope": "C",
              "type": "nav"
            }
          }
        },
        "meta": {
          "name": "Button_almacen"
        },
        "position": {
          "height": 44,
          "rotate": {
            "anchor": "75% 50%"
          },
          "width": 100,
          "x": 286.50625,
          "y": 27
        },
        "props": {
          "image": {
            "height": 30,
            "width": 50
          },
          "text": "ALMACEN"
        },
        "type": "ia.input.button"
      },
      {
        "events": {
          "dom": {
            "onClick": {
              "config": {
                "params": {},
                "view": "SCADA_INFORME"
              },
              "scope": "C",
              "type": "nav"
            }
          }
        },
        "meta": {
          "name": "Button_alarma_0"
        },
        "position": {
          "height": 44,
          "width": 100,
          "x": 541,
          "y": 27
        },
        "props": {
          "image": {
            "height": 30,
            "width": 50
          },
          "text": "INFORME"
        },
        "type": "ia.input.button"
      },
      {
        "meta": {
          "name": "Image"
        },
        "position": {
          "height": 430,
          "width": 521,
          "x": 241,
          "y": 229.5
        },
        "props": {
          "style": {
            "backgroundColor": "#FFE8CCC4"
          },
          "tint": {
            "color": "#FF1717"
          }
        },
        "type": "ia.display.image"
      },
      {
        "meta": {
          "name": "Image_0"
        },
        "position": {
          "height": 409,
          "width": 483,
          "x": 260,
          "y": 240
        },
        "props": {
          "fit": {
            "mode": "cover"
          },
          "source": "https://raw.githubusercontent.com/TecnoBikes/APM_2021_1/main/images/Pic_SCADA.jpg"
        },
        "type": "ia.display.image"
      },
      {
        "meta": {
          "name": "Label"
        },
        "position": {
          "height": 46,
          "rotate": {
            "anchor": "100% 0%"
          },
          "width": 156,
          "x": 36.5,
          "y": 157
        },
        "propConfig": {
          "props.text": {
            "binding": {
              "config": {
                "expression": "dateFormat(now(), \"MMM d, h:mm a\") "
              },
              "type": "expr"
            }
          }
        },
        "props": {
          "style": {
            "backgroundColor": "#000000",
            "borderStyle": "inset",
            "color": "#02FA00",
            "textAlign": "center"
          }
        },
        "type": "ia.display.label"
      }
    ],
    "meta": {
      "name": "root"
    },
    "position": {
      "x": -159,
      "y": -47
    },
    "type": "ia.container.coord"
  }
}