{
  "custom": {},
  "params": {},
  "props": {
    "defaultSize": {
      "height": 498,
      "width": 599
    }
  },
  "root": {
    "children": [
      {
        "meta": {
          "name": "TextField"
        },
        "position": {
          "height": 32,
          "width": 150,
          "x": 32,
          "y": 205.8771875
        },
        "type": "ia.input.text-field"
      },
      {
        "meta": {
          "name": "Label_5"
        },
        "position": {
          "height": 32,
          "width": 175,
          "x": 19.5,
          "y": 161.3631875
        },
        "props": {
          "text": "VELOCIDAD [rev/min]"
        },
        "type": "ia.display.label"
      },
      {
        "meta": {
          "name": "Motor"
        },
        "position": {
          "height": 100,
          "rotate": {
            "anchor": "75% -35%"
          },
          "width": 100,
          "x": 57,
          "y": 61.374187500000005
        },
        "type": "ia.symbol.motor"
      },
      {
        "meta": {
          "name": "Label_6"
        },
        "position": {
          "height": 71.99999999999999,
          "width": 97,
          "x": 251,
          "y": 0.010000000000005116
        },
        "props": {
          "text": "MÁQUINA N"
        },
        "type": "ia.display.label"
      },
      {
        "meta": {
          "name": "Pump"
        },
        "position": {
          "height": 109,
          "width": 96,
          "x": 59,
          "y": 256.8671875
        },
        "type": "ia.symbol.pump"
      },
      {
        "meta": {
          "name": "TextField_0"
        },
        "position": {
          "height": 32,
          "width": 150,
          "x": 32,
          "y": 405.1351875
        },
        "type": "ia.input.text-field"
      },
      {
        "meta": {
          "name": "Label_7"
        },
        "position": {
          "height": 32,
          "width": 175,
          "x": 19.5,
          "y": 360.6211875
        },
        "props": {
          "text": "VELOCIDAD [rev/min]"
        },
        "type": "ia.display.label"
      },
      {
        "meta": {
          "name": "Label_2"
        },
        "position": {
          "height": 32,
          "width": 110,
          "x": 344.8,
          "y": 381.2
        },
        "props": {
          "text": "SENSOR FC 2B"
        },
        "type": "ia.display.label"
      },
      {
        "meta": {
          "name": "Label_3"
        },
        "position": {
          "height": 32,
          "width": 110,
          "x": 474.8,
          "y": 381.2
        },
        "props": {
          "text": "SENSOR FC 3B"
        },
        "type": "ia.display.label"
      },
      {
        "meta": {
          "name": "Label_4"
        },
        "position": {
          "height": 32,
          "width": 110,
          "x": 209.8,
          "y": 381.2
        },
        "props": {
          "text": "SENSOR FC 1B"
        },
        "type": "ia.display.label"
      },
      {
        "custom": {
          "id": 4
        },
        "meta": {
          "name": "Sensor_6"
        },
        "position": {
          "height": 100,
          "width": 100,
          "x": 211.003,
          "y": 271.3
        },
        "propConfig": {
          "props.value.style.stroke": {
            "binding": {
              "config": {
                "fallbackDelay": 2.5,
                "mode": "indirect",
                "references": {
                  "MAQUINA": "{view.custom.MAQUINA}",
                  "id": "{this.custom.id}"
                },
                "tagPath": "[default]MQTT Tags/NUBE_OPC_PLC/NUBE_TALADRO/S{id}_{MAQUINA}"
              },
              "transforms": [
                {
                  "fallback": "#808080",
                  "inputType": "scalar",
                  "mappings": [
                    {
                      "input": true,
                      "output": "#00D9D9"
                    },
                    {
                      "input": false,
                      "output": "#D97700"
                    }
                  ],
                  "outputType": "color",
                  "type": "map"
                }
              ],
              "type": "tag"
            }
          },
          "props.value.text": {
            "binding": {
              "config": {
                "fallbackDelay": 2.5,
                "mode": "indirect",
                "references": {
                  "MAQUINA": "{view.custom.MAQUINA}",
                  "id": "{this.custom.id}"
                },
                "tagPath": "[default]MQTT Tags/NUBE_OPC_PLC/NUBE_TALADRO/S{id}_{MAQUINA}"
              },
              "transforms": [
                {
                  "fallback": "",
                  "inputType": "scalar",
                  "mappings": [
                    {
                      "input": true,
                      "output": "ACTIVO"
                    },
                    {
                      "input": false,
                      "output": "INACTIVO"
                    }
                  ],
                  "outputType": "scalar",
                  "type": "map"
                }
              ],
              "type": "tag"
            }
          }
        },
        "props": {
          "appearance": "simple",
          "value": {}
        },
        "type": "ia.symbol.sensor"
      },
      {
        "custom": {
          "id": 6
        },
        "meta": {
          "name": "Sensor_8"
        },
        "position": {
          "height": 100,
          "width": 100,
          "x": 475.597,
          "y": 271.2
        },
        "propConfig": {
          "props.value.style.stroke": {
            "binding": {
              "config": {
                "fallbackDelay": 2.5,
                "mode": "indirect",
                "references": {
                  "MAQUINA": "{view.custom.MAQUINA}",
                  "id": "{this.custom.id}"
                },
                "tagPath": "[default]MQTT Tags/NUBE_OPC_PLC/NUBE_TALADRO/S{id}_{MAQUINA}"
              },
              "transforms": [
                {
                  "fallback": "#808080",
                  "inputType": "scalar",
                  "mappings": [
                    {
                      "input": true,
                      "output": "#00D9D9"
                    },
                    {
                      "input": false,
                      "output": "#D97700"
                    }
                  ],
                  "outputType": "color",
                  "type": "map"
                }
              ],
              "type": "tag"
            }
          },
          "props.value.text": {
            "binding": {
              "config": {
                "fallbackDelay": 2.5,
                "mode": "indirect",
                "references": {
                  "MAQUINA": "{view.custom.MAQUINA}",
                  "id": "{this.custom.id}"
                },
                "tagPath": "[default]MQTT Tags/NUBE_OPC_PLC/NUBE_TALADRO/S{id}_{MAQUINA}"
              },
              "transforms": [
                {
                  "fallback": "",
                  "inputType": "scalar",
                  "mappings": [
                    {
                      "input": true,
                      "output": "ACTIVO"
                    },
                    {
                      "input": false,
                      "output": "INACTIVO"
                    }
                  ],
                  "outputType": "scalar",
                  "type": "map"
                }
              ],
              "type": "tag"
            }
          }
        },
        "props": {
          "appearance": "simple",
          "value": {}
        },
        "type": "ia.symbol.sensor"
      },
      {
        "custom": {
          "id": 5
        },
        "meta": {
          "name": "Sensor_7"
        },
        "position": {
          "height": 100,
          "width": 100,
          "x": 350.597,
          "y": 271.1
        },
        "propConfig": {
          "props.value.style.stroke": {
            "binding": {
              "config": {
                "fallbackDelay": 2.5,
                "mode": "indirect",
                "references": {
                  "MAQUINA": "{view.custom.MAQUINA}",
                  "id": "{this.custom.id}"
                },
                "tagPath": "[default]MQTT Tags/NUBE_OPC_PLC/NUBE_TALADRO/S{id}_{MAQUINA}"
              },
              "transforms": [
                {
                  "fallback": "#808080",
                  "inputType": "scalar",
                  "mappings": [
                    {
                      "input": true,
                      "output": "#00D9D9"
                    },
                    {
                      "input": false,
                      "output": "#D97700"
                    }
                  ],
                  "outputType": "color",
                  "type": "map"
                }
              ],
              "type": "tag"
            }
          },
          "props.value.text": {
            "binding": {
              "config": {
                "fallbackDelay": 2.5,
                "mode": "indirect",
                "references": {
                  "MAQUINA": "{view.custom.MAQUINA}",
                  "id": "{this.custom.id}"
                },
                "tagPath": "[default]MQTT Tags/NUBE_OPC_PLC/NUBE_TALADRO/S{id}_{MAQUINA}"
              },
              "transforms": [
                {
                  "fallback": "",
                  "inputType": "scalar",
                  "mappings": [
                    {
                      "input": true,
                      "output": "ACTIVO"
                    },
                    {
                      "input": false,
                      "output": "INACTIVO"
                    }
                  ],
                  "outputType": "scalar",
                  "type": "map"
                }
              ],
              "type": "tag"
            }
          }
        },
        "props": {
          "appearance": "simple",
          "value": {}
        },
        "type": "ia.symbol.sensor"
      },
      {
        "custom": {
          "id": "value"
        },
        "meta": {
          "name": "Label"
        },
        "position": {
          "height": 32,
          "width": 110,
          "x": 203.3,
          "y": 199.2
        },
        "props": {
          "text": "SENSOR 1A"
        },
        "type": "ia.display.label"
      },
      {
        "meta": {
          "name": "Label_0"
        },
        "position": {
          "height": 32,
          "width": 110,
          "x": 338.3,
          "y": 199.2
        },
        "props": {
          "text": "SENSOR FC 2A"
        },
        "type": "ia.display.label"
      },
      {
        "meta": {
          "name": "Label_1"
        },
        "position": {
          "height": 32,
          "width": 110,
          "x": 468.3,
          "y": 199.2
        },
        "props": {
          "text": "SENSOR FC 3A"
        },
        "type": "ia.display.label"
      },
      {
        "custom": {
          "id": 1
        },
        "meta": {
          "name": "Sensor_3"
        },
        "position": {
          "height": 100,
          "width": 100,
          "x": 208.3,
          "y": 85
        },
        "propConfig": {
          "props.value.style.stroke": {
            "binding": {
              "config": {
                "fallbackDelay": 2.5,
                "mode": "indirect",
                "references": {
                  "MAQUINA": "{view.custom.MAQUINA}",
                  "id": "{this.custom.id}"
                },
                "tagPath": "[default]MQTT Tags/NUBE_OPC_PLC/NUBE_TALADRO/S{id}_{MAQUINA}"
              },
              "transforms": [
                {
                  "fallback": "#808080",
                  "inputType": "scalar",
                  "mappings": [
                    {
                      "input": true,
                      "output": "#00D9D9"
                    },
                    {
                      "input": false,
                      "output": "#D97700"
                    }
                  ],
                  "outputType": "color",
                  "type": "map"
                }
              ],
              "type": "tag"
            }
          },
          "props.value.text": {
            "binding": {
              "config": {
                "fallbackDelay": 2.5,
                "mode": "indirect",
                "references": {
                  "MAQUINA": "{view.custom.MAQUINA}",
                  "id": "{this.custom.id}"
                },
                "tagPath": "[default]MQTT Tags/NUBE_OPC_PLC/NUBE_TALADRO/S{id}_{MAQUINA}"
              },
              "transforms": [
                {
                  "fallback": "",
                  "inputType": "scalar",
                  "mappings": [
                    {
                      "input": true,
                      "output": "ACTIVO"
                    },
                    {
                      "input": false,
                      "output": "INACTIVO"
                    }
                  ],
                  "outputType": "scalar",
                  "type": "map"
                }
              ],
              "type": "tag"
            }
          }
        },
        "props": {
          "appearance": "simple",
          "value": {}
        },
        "type": "ia.symbol.sensor"
      },
      {
        "custom": {
          "id": 2
        },
        "meta": {
          "name": "Sensor_4"
        },
        "position": {
          "height": 100,
          "width": 100,
          "x": 347.894,
          "y": 84.8
        },
        "propConfig": {
          "props.value.style.stroke": {
            "binding": {
              "config": {
                "fallbackDelay": 2.5,
                "mode": "indirect",
                "references": {
                  "MAQUINA": "{view.custom.MAQUINA}",
                  "id": "{this.custom.id}"
                },
                "tagPath": "[default]MQTT Tags/NUBE_OPC_PLC/NUBE_TALADRO/S{id}_{MAQUINA}"
              },
              "transforms": [
                {
                  "fallback": "#808080",
                  "inputType": "scalar",
                  "mappings": [
                    {
                      "input": true,
                      "output": "#00D9D9"
                    },
                    {
                      "input": false,
                      "output": "#D97700"
                    }
                  ],
                  "outputType": "color",
                  "type": "map"
                }
              ],
              "type": "tag"
            }
          },
          "props.value.text": {
            "binding": {
              "config": {
                "fallbackDelay": 2.5,
                "mode": "indirect",
                "references": {
                  "MAQUINA": "{view.custom.MAQUINA}",
                  "id": "{this.custom.id}"
                },
                "tagPath": "[default]MQTT Tags/NUBE_OPC_PLC/NUBE_TALADRO/S{id}_{MAQUINA}"
              },
              "transforms": [
                {
                  "fallback": "",
                  "inputType": "scalar",
                  "mappings": [
                    {
                      "input": true,
                      "output": "ACTIVO"
                    },
                    {
                      "input": false,
                      "output": "INACTIVO"
                    }
                  ],
                  "outputType": "scalar",
                  "type": "map"
                }
              ],
              "type": "tag"
            }
          }
        },
        "props": {
          "appearance": "simple",
          "value": {}
        },
        "type": "ia.symbol.sensor"
      },
      {
        "custom": {
          "id": 3
        },
        "meta": {
          "name": "Sensor_5"
        },
        "position": {
          "height": 100,
          "width": 100,
          "x": 472.894,
          "y": 84.9
        },
        "propConfig": {
          "props.value.style.stroke": {
            "binding": {
              "config": {
                "fallbackDelay": 2.5,
                "mode": "indirect",
                "references": {
                  "MAQUINA": "{view.custom.MAQUINA}",
                  "id": "{this.custom.id}"
                },
                "tagPath": "[default]MQTT Tags/NUBE_OPC_PLC/NUBE_TALADRO/S{id}_{MAQUINA}"
              },
              "transforms": [
                {
                  "fallback": "#808080",
                  "inputType": "scalar",
                  "mappings": [
                    {
                      "input": true,
                      "output": "#00D9D9"
                    },
                    {
                      "input": false,
                      "output": "#D97700"
                    }
                  ],
                  "outputType": "color",
                  "type": "map"
                }
              ],
              "type": "tag"
            }
          },
          "props.value.text": {
            "binding": {
              "config": {
                "fallbackDelay": 2.5,
                "mode": "indirect",
                "references": {
                  "MAQUINA": "{view.custom.MAQUINA}",
                  "id": "{this.custom.id}"
                },
                "tagPath": "[default]MQTT Tags/NUBE_OPC_PLC/NUBE_TALADRO/S{id}_{MAQUINA}"
              },
              "transforms": [
                {
                  "fallback": "",
                  "inputType": "scalar",
                  "mappings": [
                    {
                      "input": true,
                      "output": "ACTIVO"
                    },
                    {
                      "input": false,
                      "output": "INACTIVO"
                    }
                  ],
                  "outputType": "scalar",
                  "type": "map"
                }
              ],
              "type": "tag"
            }
          }
        },
        "props": {
          "appearance": "simple",
          "value": {}
        },
        "type": "ia.symbol.sensor"
      }
    ],
    "meta": {
      "name": "root"
    },
    "type": "ia.container.coord"
  }
}