{
  "custom": {},
  "params": {},
  "props": {
    "defaultSize": {
      "height": 498,
      "width": 599
    }
  },
  "root": {
    "children": [
      {
        "meta": {
          "name": "Label_33"
        },
        "position": {
          "height": 149,
          "width": 176,
          "x": 13.5,
          "y": 51.81
        },
        "props": {
          "style": {
            "backgroundColor": "#CCFFFF73"
          }
        },
        "type": "ia.display.label"
      },
      {
        "meta": {
          "name": "Label_32"
        },
        "position": {
          "height": 379,
          "rotate": {
            "anchor": "-44% -94%"
          },
          "width": 312,
          "x": 209,
          "y": 70.69
        },
        "props": {
          "style": {
            "backgroundColor": "#D5D5D5"
          }
        },
        "type": "ia.display.label"
      },
      {
        "meta": {
          "name": "Label_5"
        },
        "position": {
          "height": 32,
          "width": 175,
          "x": 19.5,
          "y": 161.3631875
        },
        "props": {
          "text": "VELOCIDAD [rev/min]"
        },
        "type": "ia.display.label"
      },
      {
        "meta": {
          "name": "Motor"
        },
        "position": {
          "height": 100,
          "rotate": {
            "anchor": "75% -35%"
          },
          "width": 100,
          "x": 57,
          "y": 61.374187500000005
        },
        "type": "ia.symbol.motor"
      },
      {
        "meta": {
          "name": "Label_6"
        },
        "position": {
          "height": 53,
          "width": 185,
          "x": 207,
          "y": 0.010000000000005116
        },
        "props": {
          "style": {
            "backgroundColor": "#CCCCF3"
          },
          "text": "MÁQUINA 1: Cortadora"
        },
        "type": "ia.display.label"
      },
      {
        "meta": {
          "name": "Label_2"
        },
        "position": {
          "height": 32,
          "width": 110,
          "x": 388.8,
          "y": 381.2
        },
        "props": {
          "text": "SENSOR 4"
        },
        "type": "ia.display.label"
      },
      {
        "custom": {
          "id": 5
        },
        "meta": {
          "name": "Sensor_7"
        },
        "position": {
          "height": 100,
          "width": 100,
          "x": 394.597,
          "y": 271.1
        },
        "propConfig": {
          "props.value.style.stroke": {
            "binding": {
              "config": {
                "fallbackDelay": 2.5,
                "mode": "indirect",
                "references": {},
                "tagPath": "[default]MQTT Tags/NUBE_OPC_PLC/NUBE_CORTADORA/S4_COR"
              },
              "transforms": [
                {
                  "fallback": "#808080",
                  "inputType": "scalar",
                  "mappings": [
                    {
                      "input": true,
                      "output": "#00D9D9"
                    },
                    {
                      "input": false,
                      "output": "#D97700"
                    }
                  ],
                  "outputType": "color",
                  "type": "map"
                }
              ],
              "type": "tag"
            }
          },
          "props.value.text": {
            "binding": {
              "config": {
                "fallbackDelay": 2.5,
                "mode": "indirect",
                "references": {},
                "tagPath": "[default]MQTT Tags/NUBE_OPC_PLC/NUBE_CORTADORA/S4_COR"
              },
              "transforms": [
                {
                  "fallback": "",
                  "inputType": "scalar",
                  "mappings": [
                    {
                      "input": true,
                      "output": "ACTIVO"
                    },
                    {
                      "input": false,
                      "output": "INACTIVO"
                    }
                  ],
                  "outputType": "scalar",
                  "type": "map"
                }
              ],
              "type": "tag"
            }
          }
        },
        "props": {
          "appearance": "simple",
          "value": {}
        },
        "type": "ia.symbol.sensor"
      },
      {
        "meta": {
          "name": "Label_0"
        },
        "position": {
          "height": 32,
          "width": 110,
          "x": 382.3,
          "y": 199.2
        },
        "props": {
          "text": "SENSOR 2"
        },
        "type": "ia.display.label"
      },
      {
        "custom": {
          "id": 2
        },
        "meta": {
          "name": "Sensor_4"
        },
        "position": {
          "height": 100,
          "width": 100,
          "x": 391.894,
          "y": 84.8
        },
        "propConfig": {
          "props.value.style.stroke": {
            "binding": {
              "config": {
                "fallbackDelay": 2.5,
                "mode": "indirect",
                "references": {},
                "tagPath": "[default]MQTT Tags/NUBE_OPC_PLC/NUBE_CORTADORA/S2_COR"
              },
              "transforms": [
                {
                  "fallback": "#808080",
                  "inputType": "scalar",
                  "mappings": [
                    {
                      "input": true,
                      "output": "#00D9D9"
                    },
                    {
                      "input": false,
                      "output": "#D97700"
                    }
                  ],
                  "outputType": "color",
                  "type": "map"
                }
              ],
              "type": "tag"
            }
          },
          "props.value.text": {
            "binding": {
              "config": {
                "fallbackDelay": 2.5,
                "mode": "indirect",
                "references": {},
                "tagPath": "[default]MQTT Tags/NUBE_OPC_PLC/NUBE_CORTADORA/S2_COR"
              },
              "transforms": [
                {
                  "fallback": "",
                  "inputType": "scalar",
                  "mappings": [
                    {
                      "input": true,
                      "output": "ACTIVO"
                    },
                    {
                      "input": false,
                      "output": "INACTIVO"
                    }
                  ],
                  "outputType": "scalar",
                  "type": "map"
                }
              ],
              "type": "tag"
            }
          }
        },
        "props": {
          "appearance": "simple",
          "value": {}
        },
        "type": "ia.symbol.sensor"
      },
      {
        "meta": {
          "name": "Label_4"
        },
        "position": {
          "height": 32,
          "width": 110,
          "x": 253.8,
          "y": 381.2
        },
        "props": {
          "text": "SENSOR 3"
        },
        "type": "ia.display.label"
      },
      {
        "custom": {
          "id": "value"
        },
        "meta": {
          "name": "Label"
        },
        "position": {
          "height": 32,
          "width": 110,
          "x": 247.3,
          "y": 199.2
        },
        "props": {
          "text": "SENSOR 1"
        },
        "type": "ia.display.label"
      },
      {
        "custom": {
          "id": 4
        },
        "meta": {
          "name": "Sensor_6"
        },
        "position": {
          "height": 100,
          "width": 100,
          "x": 255.003,
          "y": 271.3
        },
        "propConfig": {
          "props.value.style.stroke": {
            "binding": {
              "config": {
                "fallbackDelay": 2.5,
                "mode": "indirect",
                "references": {},
                "tagPath": "[default]MQTT Tags/NUBE_OPC_PLC/NUBE_CORTADORA/S3_COR"
              },
              "transforms": [
                {
                  "fallback": "#808080",
                  "inputType": "scalar",
                  "mappings": [
                    {
                      "input": true,
                      "output": "#00D9D9"
                    },
                    {
                      "input": false,
                      "output": "#D97700"
                    }
                  ],
                  "outputType": "color",
                  "type": "map"
                }
              ],
              "type": "tag"
            }
          },
          "props.value.text": {
            "binding": {
              "config": {
                "fallbackDelay": 2.5,
                "mode": "indirect",
                "references": {},
                "tagPath": "[default]MQTT Tags/NUBE_OPC_PLC/NUBE_CORTADORA/S3_COR"
              },
              "transforms": [
                {
                  "fallback": "",
                  "inputType": "scalar",
                  "mappings": [
                    {
                      "input": true,
                      "output": "ACTIVO"
                    },
                    {
                      "input": false,
                      "output": "INACTIVO"
                    }
                  ],
                  "outputType": "scalar",
                  "type": "map"
                }
              ],
              "type": "tag"
            }
          }
        },
        "props": {
          "appearance": "simple",
          "value": {}
        },
        "type": "ia.symbol.sensor"
      },
      {
        "custom": {
          "id": 1
        },
        "meta": {
          "name": "Sensor_3"
        },
        "position": {
          "height": 100,
          "width": 100,
          "x": 252.3,
          "y": 85
        },
        "propConfig": {
          "props.value.style.stroke": {
            "binding": {
              "config": {
                "fallbackDelay": 2.5,
                "mode": "indirect",
                "references": {},
                "tagPath": "[default]MQTT Tags/NUBE_OPC_PLC/NUBE_CORTADORA/S1_COR"
              },
              "transforms": [
                {
                  "fallback": "#808080",
                  "inputType": "scalar",
                  "mappings": [
                    {
                      "input": true,
                      "output": "#00D9D9"
                    },
                    {
                      "input": false,
                      "output": "#D97700"
                    }
                  ],
                  "outputType": "color",
                  "type": "map"
                }
              ],
              "type": "tag"
            }
          },
          "props.value.text": {
            "binding": {
              "config": {
                "fallbackDelay": 2.5,
                "mode": "indirect",
                "references": {},
                "tagPath": "[default]MQTT Tags/NUBE_OPC_PLC/NUBE_CORTADORA/S1_COR"
              },
              "transforms": [
                {
                  "fallback": "",
                  "inputType": "scalar",
                  "mappings": [
                    {
                      "input": true,
                      "output": "ACTIVO"
                    },
                    {
                      "input": false,
                      "output": "INACTIVO"
                    }
                  ],
                  "outputType": "scalar",
                  "type": "map"
                }
              ],
              "type": "tag"
            }
          }
        },
        "props": {
          "appearance": "simple",
          "value": {}
        },
        "type": "ia.symbol.sensor"
      }
    ],
    "meta": {
      "name": "root"
    },
    "type": "ia.container.coord"
  }
}