{
  "custom": {},
  "params": {},
  "props": {
    "defaultSize": {
      "height": 498,
      "width": 599
    }
  },
  "root": {
    "children": [
      {
        "meta": {
          "name": "Label_3"
        },
        "position": {
          "height": 32,
          "rotate": {
            "anchor": "50% 25%"
          },
          "width": 85,
          "x": 353,
          "y": 398.26
        },
        "props": {
          "text": "SENSOR 2B"
        },
        "type": "ia.display.label"
      },
      {
        "meta": {
          "name": "Label_4"
        },
        "position": {
          "height": 32,
          "width": 85,
          "x": 478,
          "y": 398.26
        },
        "props": {
          "text": "SENSOR 3B"
        },
        "type": "ia.display.label"
      },
      {
        "meta": {
          "name": "Label_2"
        },
        "position": {
          "height": 32,
          "width": 85,
          "x": 228,
          "y": 398.26
        },
        "props": {
          "text": "SENSOR 1B"
        },
        "type": "ia.display.label"
      },
      {
        "meta": {
          "name": "Sensor_2"
        },
        "position": {
          "height": 100,
          "width": 100,
          "x": 340.5,
          "y": 283.76
        },
        "type": "ia.symbol.sensor"
      },
      {
        "meta": {
          "name": "Sensor_3"
        },
        "position": {
          "height": 100,
          "width": 100,
          "x": 465.5,
          "y": 283.76
        },
        "type": "ia.symbol.sensor"
      },
      {
        "meta": {
          "name": "Sensor_4"
        },
        "position": {
          "height": 100,
          "width": 100,
          "x": 215.5,
          "y": 283.76
        },
        "type": "ia.symbol.sensor"
      },
      {
        "meta": {
          "name": "TextField"
        },
        "position": {
          "height": 32,
          "width": 150,
          "x": 32,
          "y": 205.8771875
        },
        "type": "ia.input.text-field"
      },
      {
        "meta": {
          "name": "Label"
        },
        "position": {
          "height": 32,
          "width": 85,
          "x": 228.5,
          "y": 217.26
        },
        "props": {
          "text": "SENSOR 1A"
        },
        "type": "ia.display.label"
      },
      {
        "meta": {
          "name": "Label_0"
        },
        "position": {
          "height": 32,
          "rotate": {
            "anchor": "50% 25%"
          },
          "width": 85,
          "x": 353.5,
          "y": 217.26
        },
        "props": {
          "text": "SENSOR 2A"
        },
        "type": "ia.display.label"
      },
      {
        "meta": {
          "name": "Label_1"
        },
        "position": {
          "height": 32,
          "width": 85,
          "x": 478.5,
          "y": 217.26
        },
        "props": {
          "text": "SENSOR 3A"
        },
        "type": "ia.display.label"
      },
      {
        "meta": {
          "name": "Label_5"
        },
        "position": {
          "height": 32,
          "width": 175,
          "x": 19.5,
          "y": 161.3631875
        },
        "props": {
          "text": "VELOCIDAD [rev/min]"
        },
        "type": "ia.display.label"
      },
      {
        "meta": {
          "name": "Motor"
        },
        "position": {
          "height": 100,
          "rotate": {
            "anchor": "75% -35%"
          },
          "width": 100,
          "x": 57,
          "y": 61.374187500000005
        },
        "type": "ia.symbol.motor"
      },
      {
        "meta": {
          "name": "Sensor"
        },
        "position": {
          "height": 100,
          "width": 100,
          "x": 340.5,
          "y": 109.76
        },
        "type": "ia.symbol.sensor"
      },
      {
        "meta": {
          "name": "Sensor_0"
        },
        "position": {
          "height": 100,
          "width": 100,
          "x": 465.5,
          "y": 109.76
        },
        "type": "ia.symbol.sensor"
      },
      {
        "meta": {
          "name": "Sensor_1"
        },
        "position": {
          "height": 100,
          "width": 100,
          "x": 215.5,
          "y": 109.76
        },
        "type": "ia.symbol.sensor"
      },
      {
        "meta": {
          "name": "Label_6"
        },
        "position": {
          "height": 71.99999999999999,
          "width": 97,
          "x": 251,
          "y": 0.010000000000005116
        },
        "props": {
          "text": "MÁQUINA N"
        },
        "type": "ia.display.label"
      },
      {
        "meta": {
          "name": "Pump"
        },
        "position": {
          "height": 109,
          "width": 96,
          "x": 59,
          "y": 256.8671875
        },
        "type": "ia.symbol.pump"
      },
      {
        "meta": {
          "name": "TextField_0"
        },
        "position": {
          "height": 32,
          "width": 150,
          "x": 32,
          "y": 405.1351875
        },
        "type": "ia.input.text-field"
      },
      {
        "meta": {
          "name": "Label_7"
        },
        "position": {
          "height": 32,
          "width": 175,
          "x": 19.5,
          "y": 360.6211875
        },
        "props": {
          "text": "VELOCIDAD [rev/min]"
        },
        "type": "ia.display.label"
      }
    ],
    "meta": {
      "name": "root"
    },
    "type": "ia.container.coord"
  }
}